Edad,Género,Tipo de deporte,IMC,Horas de entrenamiento por semana,Frecuencia cardíaca en reposo,Ingesta de calorías,Nivel de experiencia,Frecuencia de competencia,Indicador de establecimiento de objetivos,Puntuación de preparación estratégica,Puntuación de rendimiento,log_id
420.0,Masculino,Atletismo,18.185947331675123,6.577158658112108,80.82322190645624,3767.6026956449855,Intermedio,5.657574340406614,Sí,61.4460858416014,81.73831228195597,151880
432.0,Masculino,Tenis,21.686313216041533,,84.2235712786324,3455.55314977857,Profesional,12.559170207973768,No,81.03407647202893,82.95174129770443,137319
228.0,Masculino,Fútbol americano,27.44689349688049,13.405027246065709,76.98420529420768,3531.599097816423,Avanzado,4.680906921942342,No,32.989973855440766,84.02102689988799,94892
360.0,Masculino,Natación,24.213965448522828,27.02023496219043,49.753708636108094,1882.8604729553813,Avanzado,1.347192354318347,Sí,80.12741287650435,92.85519271293,45825
432.0,Masculino,Natación,20.524486562058115,14.74177894672069,70.82700268961302,2071.821035546554,Intermedio,10.432276520749792,Sí,61.87102751321434,53.68614453702936,113242
432.0,Femenino,Baloncesto,21.60527796751738,,79.80425026937061,5668.276438913459,Principiante,17.77898016386075,Sí,73.91334880408859,71.9317602415231,216228
240.0,Masculino,Atletismo,18.52860134837258,33.37358425008992,79.83327142801059,2086.0951628367693,Profesional,9.5807026072364,Sí,57.61002348640376,91.61437686986542,208908
372.0,Masculino,Natación,21.57846257925792,16.574703024730013,71.67900337424344,3871.817976114319,Avanzado,,No,56.37547169577148,92.2214406107195,205316
228.0,Masculino,Tenis,20.60745589626009,10.61741252692858,55.52251909635099,1908.6058707996976,Intermedio,16.787510775814315,No,44.12120480588615,43.61364960433842,234759
372.0,Masculino,Tenis,19.150576875604543,31.41742539371271,78.01190121162702,3775.020487207104,Intermedio,23.237744396051525,No,55.70615545682431,95.99090390809567,136440
204.0,Femenino,Ciclismo,23.16482048724268,32.68459290099108,88.36455393584296,2039.699913206577,Intermedio,18.500945652993064,No,43.8967724089046,82.53430768753755,33449
216.0,Masculino,Tenis,31.1379028130834,27.62363617751485,53.32739681647174,2164.154877927536,Avanzado,22.21949535988987,No,44.871302247663394,75.32319126117596,105512
240.0,Masculino,Fútbol americano,26.208499054450947,12.36290532609924,70.29212657401249,2011.5009690869056,Avanzado,4.482974218269157,No,64.36638630485393,98.99904038921326,140225
276.0,Masculino,Atletismo,20.22894816420945,29.88837688659417,73.29889744852578,3241.9431590285712,Intermedio,7.339905612682755,Sí,84.2877846531242,100.2616740062921,112336
204.0,Masculino,Ciclismo,21.862258972739248,33.25273377913803,68.65712532836805,4138.10364850836,Intermedio,2.7859463032615457,Sí,83.4395046592079,94.82555536096686,20590
216.0,Masculino,Ciclismo,24.56400371084184,17.783265526579225,50.32271638602154,2346.7310450571013,Intermedio,1.1891313745956558,Sí,89.70711850833962,99.71650135177978,92717
336.0,M,Atletismo,24.07335969133533,16.37014609236108,64.7629288263826,1909.17542080426,Profesional,20.470488856182133,Sí,59.9269137206399,90.08730266436488,123524
264.0,Femenino,Baloncesto,24.12042006583732,7.439813919735095,65.46615753044564,2920.459717033303,Principiante,8.53175508157882,Sí,78.41702506068084,72.15316619474136,67472
204.0,Masculino,Fútbol americano,21.870638184166,15.704743469912906,78.39455879511274,1837.4013041189824,Avanzado,15.80180995071735,No,78.55726092136165,92.78595670757456,89158
480.0,Masculino,Baloncesto,22.79520655037271,11.386413353171276,66.9352565382762,2938.7568915750503,Principiante,6.412943721807718,No,43.06339915043415,73.97172127178995,104201
432.0,Femenino,Baloncesto,19.8177560074276,24.99705799717783,45.72752606226128,2384.314549537965,Avanzado,4.997841805472998,Sí,76.5960877550897,99.99013470757382,41515
456.0,Femenino,Ciclismo,28.328006713736496,14.78848094376266,63.474988502049314,2063.55972811105,Principiante,11.14235019957164,Sí,43.61881932501111,76.19889117360177,239791
204.0,Masculino,Atletismo,27.95962205600565,28.42370106429276,75.79314353546054,3253.684734020129,Intermedio,20.004318378111773,Sí,59.16679681829499,58.68157171324096,33619
444.0,Femenino,Natación,20.71711315634932,22.52022448773976,45.17128246949257,2540.8025354187257,Intermedio,11.39655111602725,No,45.26880200037579,88.46231623622229,189105
336.0,Masculino,Natación,23.567113347566497,20.261066190945293,66.79226739107641,4280.0893350643855,Avanzado,23.8540504346093,Sí,62.732354549956746,88.59977855595412,181656
312.0,Masculino,Natación,19.80711166983792,29.73621023833897,84.59805635873958,2054.045747581367,Avanzado,4.1842458039608905,Sí,48.61349335382894,91.39934989863978,98342
336.0,F,Tenis,21.64876858291285,33.03444706612368,51.93824639487757,4311.181748083294,Intermedio,19.20121427001184,Sí,55.05660119681514,80.81317127732515,162674
348.0,Femenino,Natación,25.32485981228769,12.65611758937909,79.4619024444789,2430.819382106702,Intermedio,8.159999767710787,No,39.256741082828455,78.11518877392182,5512
372.0,F,Ciclismo,25.915080420811968,10.875478849235735,43.9770919630912,3513.045292838163,Intermedio,17.481536446155634,Sí,69.93047104120784,92.95722622149616,237267
408.0,Masculino,Fútbol americano,23.73688705071121,22.357551833714467,86.76973604281994,2892.553317638638,Principiante,1.2380997786071537,Sí,55.300060847362175,88.28655319924626,49284
420.0,Femenino,Natación,24.44460785372888,17.722556618131243,88.7923986101781,3053.514197260227,Intermedio,14.34172744460174,Sí,85.01216245568729,89.71452503756151,93277
396.0,Femenino,Natación,25.61136585407264,15.61934179821352,,4126.67879370244,Intermedio,11.462367758628634,Sí,87.83028644595188,55.30109225663802,149841
252.0,Masculino,Natación,22.531009699647363,5.9647237379491225,63.60390768262411,4110.155254224682,Avanzado,2.334962125138381,No,89.54251657531084,83.22070039403025,63397
324.0,Femenino,Natación,21.114029065091408,60.32835368713243,94.76229706934018,6773.712111649576,Principiante,16.217621414147295,No,87.04073336537068,71.2557968219007,191492
252.0,Masculino,Tenis,25.623835107300856,30.28323062791575,84.24785209563107,3200.0674825874667,Avanzado,2.0286776084960376,Sí,27.92634108103504,58.907468550100525,95960
480.0,Masculino,Baloncesto,23.35327136619491,16.068102098572066,76.01680239424172,1906.2931746034285,Intermedio,-0.4371052562951769,Sí,75.68389518166794,78.0271559275405,177772
396.0,Femenino,Ciclismo,22.293437185405665,10.715502623206826,44.57767429696847,3338.700895630747,Intermedio,20.37955240069733,,61.4026024158039,65.01652856192992,7634
444.0,Masculino,Ciclismo,19.329362733893664,31.70285375510491,81.643863951469,2639.8152157899426,Avanzado,15.990380085765462,Sí,42.36134774455744,68.20597639556573,199995
444.0,Femenino,Ciclismo,21.88595777767189,12.230469713658476,77.08418883905892,3441.1777690543577,Intermedio,9.01394733573818,Sí,49.38262768408597,94.32346623782512,174630
444.0,Masculino,Atletismo,19.164785360836177,26.580991156401208,77.05841575174414,3191.579431703382,Principiante,11.422906416301243,No,76.27740547802497,91.30260174302654,177596
252.0,Masculino,Baloncesto,22.93299101472244,16.83093599326442,76.16759891041123,3472.8236964568746,Avanzado,9.235922707652264,No,46.34321499913472,88.82489097544698,168753
432.0,Masculino,Baloncesto,25.498252730346007,31.618447390625647,69.09514578347236,3261.177907065414,Avanzado,2.9459944744856754,No,42.58656367702725,99.30740456673595,175826
420.0,Masculino,Ciclismo,26.09629234558841,13.708914150993577,61.714284836415175,4140.1469017561885,Profesional,19.60281300465853,Sí,84.0905435205826,80.45230933393631,203789
264.0,Masculino,Atletismo,27.833820000947657,13.973069658590028,77.6470973872381,3387.878895266683,Principiante,18.916627413611074,Sí,88.90140511937308,83.87611202994675,178507
432.0,Masculino,Fútbol americano,26.005168540127787,20.306517762288987,77.01699405131055,2938.95654970845,Profesional,3.8849489612336368,No,64.54352392229653,91.39522333729722,89181
324.0,Masculino,Tenis,19.749713530411217,7.011780364744096,78.76898876575285,3359.436711971597,Intermedio,19.4307834803272,No,61.98619166297752,73.37456235672238,99439
240.0,Femenino,Ciclismo,26.199743186976065,27.359984305382127,47.02171239236011,4323.674908915465,Avanzado,6.489548588399381,,59.70788233298012,91.43949430962071,195385
480.0,Femenino,Ciclismo,16.12725524498182,11.183157773328238,62.100656276560784,,Intermedio,0.1915105060621149,Sí,78.93263385455332,72.62905895144857,159047
216.0,Masculino,Baloncesto,23.695416459963365,31.83909707188948,52.26813308525109,2038.6378580383207,Intermedio,-0.5267179849169643,Sí,85.36487188885441,82.9708735907017,57636
480.0,Masculino,Tenis,23.19615013330446,28.909990762917456,53.78901143862944,4446.885638136452,Principiante,0.4645391394173742,Sí,42.87976541447525,85.13260329551662,153511
192.0,Masculino,Fútbol americano,26.042621531499567,19.619067003220533,66.27900004267813,4010.982492436101,Principiante,-0.0324956607844562,Sí,89.6169091280432,53.17874407406112,245817
468.0,M,Tenis,23.646731091464773,26.58028371263415,67.18120342108416,2335.6933703072946,Intermedio,22.22281988417967,No,59.17068815989053,98.37371865157976,138964
468.0,Femenino,Natación,21.042951950382243,4.842653323122925,46.0219925347858,4354.691503952049,Intermedio,1.5198603575322531,Sí,74.93872496058232,61.97941873616824,45589
480.0,Femenino,Tenis,19.17304370140767,28.791705938408573,65.23894997683435,3038.0238441484,Avanzado,21.88977426461893,Sí,79.0382570735947,91.18804314222056,200487
480.0,Masculino,Baloncesto,22.1357680950018,21.37463626937052,84.09399321604526,4026.159586028672,Intermedio,7.74503401043289,Sí,75.50425141367066,71.1112099846565,20303
216.0,Masculino,Ciclismo,22.82643939526773,27.468158400246487,48.6109271987908,3646.785668382538,Avanzado,14.054058881413225,Sí,51.10913551165793,73.01528094510245,115799
264.0,Femenino,Baloncesto,21.917299083724654,16.44862498978786,78.16246543254536,3286.961683408977,Intermedio,12.82175666080036,Sí,65.11576453971058,77.31623743774296,118555
204.0,Femenino,Tenis,23.2306480702446,15.680393837714435,45.49103447309868,3864.9229821567615,Principiante,6.780695617417989,Sí,70.26050819207663,72.48700418597878,209928
384.0,Masculino,Tenis,25.17634546929148,5.160509805887343,50.48603386271135,4370.646556480666,Principiante,4.33840433271488,No,79.33491211760543,74.48768243561251,92437
192.0,Masculino,Baloncesto,20.17934728027855,7.279029433682784,85.35680933050955,3427.450633979116,Intermedio,3.1856711363128407,Sí,88.31174103520962,84.2647344638597,204912
432.0,Masculino,Ciclismo,18.43781336801232,15.692208849646264,60.78501797797499,2077.4911135246816,Intermedio,19.00889259817272,No,47.47486605519898,75.17156785457713,152923
396.0,F,Tenis,23.39665303262453,5.566453632254667,50.38677708569787,3808.8599223325527,Intermedio,6.064531712596744,Sí,33.6742171493507,73.89859001664084,41451
360.0,Masculino,Fútbol americano,15.974010014371355,5.37705874269546,46.35488037593976,2083.468654620031,Intermedio,23.533665126378573,No,71.64776232898684,85.11535472340199,148481
300.0,Masculino,Baloncesto,21.0885649162184,17.891266518928106,84.42909187566745,4074.556794017438,Intermedio,14.648583983850326,Sí,64.26702588949207,83.46105603491777,211373
348.0,Masculino,Tenis,23.43067346724779,8.026890011261349,49.78132891811781,4060.421722016004,Avanzado,3.777380875273516,Sí,49.68048695317644,91.95339574740356,215892
432.0,Femenino,Ciclismo,22.74471095639879,16.275209413160372,63.98293735105938,1968.1282232745807,Avanzado,20.65662019328964,No,50.74126309163644,98.2741610602211,165207
252.0,Masculino,Atletismo,24.42124303273365,14.61389862255074,67.30635320080324,1955.9157914706511,Principiante,16.288566335104612,Sí,51.43657235843192,59.0650054031569,217932
444.0,Masculino,Fútbol americano,27.04769212071164,22.027147728893823,71.52842056092311,3799.287683912893,Intermedio,10.67106331395422,No,75.58821221497959,99.83748682596182,241356
288.0,Masculino,Fútbol americano,21.84898139987185,6.796199450675742,62.62548436397285,4435.962151491154,Intermedio,4.339902415091313,,53.2857082955413,61.65417115649648,128539
192.0,Femenino,Atletismo,22.508895586199333,9.756880354200751,52.70811723767826,1952.0730769028555,Avanzado,22.871020880695447,Sí,66.12758974136206,85.12480488014405,131190
480.0,Femenino,Ciclismo,21.70912816773904,33.92046955698312,80.76880291937586,3939.592996772176,Avanzado,1.1207037422881465,No,51.89572705564756,99.35878076074653,150512
252.0,Masculino,Fútbol americano,18.350572368645267,14.284182524637227,68.9941342442815,4440.812438828837,Principiante,6.188288298526902,Sí,,75.5020791668983,144440
396.0,Femenino,Ciclismo,28.292479092046463,22.14948980359868,79.62635806691706,2725.6996466432324,Intermedio,4.861064590770216,Sí,76.23656101875387,86.43350254537735,99455
432.0,Masculino,Tenis,19.79524632478157,28.25473028092965,74.32054219126066,1785.6126667630458,Avanzado,11.001098438003476,Sí,81.24957582273966,99.7746437958221,52840
360.0,Femenino,Baloncesto,24.981945185871773,9.7090050146374,80.01735759601068,4386.478842446437,Intermedio,10.073949658313158,Sí,64.74444614000527,84.81547431642213,135557
216.0,Femenino,Tenis,21.363336185500955,11.437517847354904,70.27680135357885,3466.858090814984,Principiante,11.887672985221696,Sí,85.57567000950642,83.5562708967316,201459
240.0,Masculino,Natación,24.89437795076315,19.425829711152243,53.35737927487214,3502.9141226971333,Intermedio,11.82915003866788,Sí,65.91276887319408,100.35671170381096,145002
420.0,M,Fútbol americano,23.70422063322315,11.611491128094066,72.19663887349307,4173.621014006114,Avanzado,1.0313437818716815,Sí,73.09013060378612,76.59686344512326,99932
312.0,M,Tenis,23.98476213805182,25.88552051636951,67.77575002625672,3278.2546924044814,Intermedio,24.317430774229045,No,61.453195769263246,57.47600080305613,54188
408.0,Masculino,Ciclismo,18.42769605824206,19.164943573661773,89.30858680684771,2702.501345489578,Principiante,8.578035295611368,Sí,77.26038852199638,72.39058804637163,28372
312.0,Femenino,Atletismo,25.729801779027422,25.72155725719146,82.72960990228155,4181.769761201852,Principiante,21.14319681390434,Sí,65.32112512920266,92.5784470497262,102456
192.0,Femenino,Ciclismo,21.067522988564512,10.104429705452754,69.95218942864508,3752.472488570441,Intermedio,24.352187604279365,Sí,59.31087862201369,73.60285554705392,35086
396.0,Masculino,Ciclismo,24.70317707415714,,79.26400963348125,3742.433801858152,Principiante,12.990834340230972,Sí,43.00745915775389,47.88133685871427,149066
192.0,Masculino,Tenis,28.351306359085395,7.035318952854546,77.0275014705284,4117.104211128721,Principiante,22.03563319126307,No,51.81964624919813,71.30376204882565,149113
240.0,Femenino,Baloncesto,25.54372913466963,17.147479669504154,86.63083613032057,2963.1228066564386,Intermedio,4.030903089398313,Sí,46.64057939294671,70.6502066859863,4520
384.0,Masculino,Tenis,28.979928821166386,32.76521081506891,52.65810402198705,2544.945994504356,Principiante,13.861174853587777,No,55.54868203248655,73.65416654283835,169349
384.0,Masculino,Tenis,24.44148667977962,11.839895071862536,44.44177185208675,3008.362407224885,Principiante,10.337023944381214,Sí,64.99635993829854,76.09511021604203,100180
468.0,Femenino,Ciclismo,26.806235381155293,15.44647594708122,80.38662965741625,4426.812634539351,Profesional,12.358841060892164,Sí,66.34808831701626,86.549690904846,173943
444.0,Masculino,Natación,16.796988201604105,25.364296358996413,71.72307458230719,4251.957601673963,Principiante,6.046352654179687,No,89.0366566145162,77.480812915423,105419
420.0,Masculino,Natación,22.41291617069033,29.85886366198707,74.1273701633121,2528.098902814036,Intermedio,19.43201244438801,Sí,84.00646701091621,83.77776234257065,89907
456.0,Femenino,Ciclismo,21.825055182193346,32.522930049796216,48.55029239601403,4395.317761452729,Intermedio,20.20435611736848,Sí,74.71855930563409,83.51635404289932,45392
312.0,Masculino,Ciclismo,28.73077467020062,11.167655900694143,63.4526393781251,3157.2409288375266,Intermedio,11.485296005107855,Sí,63.47501396484642,77.87956111537044,248898
240.0,Femenino,Baloncesto,20.894942578649005,14.687080840680272,48.59418168696472,4295.231362088274,Avanzado,11.840226719876595,Sí,55.58811849340783,99.55774916218373,16599
288.0,Masculino,Baloncesto,26.47901655540886,22.050693601294817,63.389112747944665,2228.1861285927125,Intermedio,3.194731229448604,Sí,60.07733846446932,99.0721105566711,123512
420.0,Masculino,,20.276770084192115,18.08052590949541,83.89548178340993,2228.814839650952,Intermedio,13.812547092344134,Sí,57.91088971044796,66.35332450095021,140852
384.0,Masculino,Baloncesto,22.2615984836396,8.669303604262662,46.25451425291137,4188.954333772064,Avanzado,13.263260890812145,No,67.87250870946002,94.62903898513598,57180
348.0,Masculino,Tenis,24.14923637252405,21.572971995878707,77.97120478416362,2014.323361327476,,10.247154800950929,Sí,69.01413938462058,98.6415218506054,199727
288.0,Masculino,Ciclismo,23.421681933771183,14.698210641086654,71.09196703226459,4473.421322457984,Principiante,21.19794149716216,Sí,49.66117399289248,68.26302144059184,239004
240.0,Masculino,Tenis,19.605650859813505,22.073826031626496,44.37113060199241,2634.69088318936,Intermedio,23.22475115263618,No,74.35164298238573,98.4181434829743,206781
456.0,Masculino,Tenis,29.40854846099572,23.864205504607867,73.09929875860442,4368.266439368071,Avanzado,15.868952079107352,Sí,68.21457578521758,90.89815452015802,174884
312.0,Masculino,Tenis,16.086430411598215,34.22469103169258,46.21121124100432,3324.5194113116163,Avanzado,21.39587918513344,Sí,61.0633019371723,99.99516451515512,147997
240.0,Masculino,Tenis,26.391049465925946,15.776267228075149,64.02155325332872,2667.406756598467,Profesional,7.087392393863218,No,74.69261760145424,94.84979474475662,20733
348.0,Masculino,Fútbol americano,19.281662612221044,10.752119259794242,70.75483744162706,3666.127233871689,Avanzado,10.654682074023295,Sí,49.3897945694829,100.19800173854568,71138
228.0,Masculino,Natación,21.597760017246927,6.661382348038512,49.1704144973864,3380.897228339174,Avanzado,0.2119991015237724,Sí,88.247412693428,65.6170212615736,79009
264.0,Masculino,Baloncesto,23.20921685630992,19.16502604034761,45.419231647468365,4212.398333053323,Intermedio,3.1289915613683097,No,66.06003780677526,84.83853826316506,238661
288.0,Femenino,Fútbol americano,26.396850705863624,21.77711512343103,65.96179849286362,4240.668045802539,Avanzado,17.314347517525967,Sí,96.6455842258599,95.10323742843472,86
384.0,Masculino,Ciclismo,25.61915908845699,28.799838731350263,52.01964521679338,1919.932114698965,Intermedio,10.7143018052962,Sí,73.5958858954104,84.2536430194098,180875
408.0,M,Fútbol americano,23.851404673331167,28.07157707158612,77.68240324324962,2541.3921740167943,Intermedio,2.410034526080154,No,39.82183658351555,89.63061974423961,130637
252.0,F,Fútbol americano,23.98175901207836,20.09439911637286,73.29208626499752,3871.4306464099545,Profesional,6.2878952201293785,Sí,92.2769073294568,100.13410287658972,162447
264.0,Masculino,Baloncesto,25.24011519081116,26.99633013724407,87.2695901697001,3461.0645830609938,Avanzado,17.31369407488475,Sí,66.18009561822522,86.78952580953957,126632
216.0,Femenino,Baloncesto,20.689190785518285,18.53601485525665,45.12379066529803,2541.805407506937,Avanzado,14.120558804124345,Sí,71.83389465379516,89.69952718220193,223008
444.0,Masculino,Baloncesto,23.052422168397573,12.316774033778152,79.88746374855945,4141.433665677847,Avanzado,16.76253468736481,No,80.59546432805904,83.66471787676811,113025
264.0,Masculino,Fútbol americano,22.36430467608648,5.595810973207172,85.74981446583963,3321.352924828199,Profesional,5.07272705996007,Sí,60.17208052840122,74.18702159105693,77285
276.0,Femenino,Baloncesto,24.06087366299863,29.56408275199746,72.42401809600214,1895.3266670485853,Intermedio,6.982784428221644,No,65.49019097015706,99.9947700805211,161857
444.0,Femenino,Tenis,19.040159932623364,16.439351272711093,83.05459568447586,3077.717993283544,Intermedio,19.22644488429667,No,78.22073106127355,80.37980358359366,24166
276.0,Masculino,Natación,23.78302241156918,12.761176357630314,82.08896241128926,4096.593314199286,Principiante,4.642198236063749,No,48.17494843672354,73.04380191250392,99154
192.0,Femenino,Natación,22.42440721879992,28.023394996340823,49.330584343673785,2572.939243306033,Avanzado,14.985632300258574,Sí,66.09081591287925,95.1469120363181,3178
360.0,Masculino,Atletismo,24.82294304009236,30.14513617426747,72.96290594953368,3164.328683123339,Avanzado,9.323682127617737,No,53.02048606551068,88.1968270239278,225426
408.0,Femenino,Tenis,20.63200934764491,20.14215034934325,55.44693166158787,2775.793771671523,Profesional,21.131961016717963,No,40.84060080892491,99.45292184473128,28110
468.0,Masculino,Ciclismo,25.80769775035936,33.240346962158426,59.411839622673824,2752.190878718673,,-0.24425562023621,Sí,49.87785172220473,90.57675464717848,133077
444.0,Masculino,Tenis,18.15937635377001,32.585889566768394,,2527.704122104911,Intermedio,1.949652109701864,Sí,59.138758745906976,99.14780334661194,96482
444.0,Femenino,Ciclismo,20.188761189689203,18.75783767416758,54.49230175040989,3197.80557723895,Intermedio,,Sí,63.97324571548514,98.36889551266574,164698
204.0,Masculino,Tenis,26.620710261894377,31.963482677813584,46.29920409581808,2147.688286567877,Intermedio,0.2691753531129001,No,69.96825696814878,83.62518188149967,28431
300.0,Masculino,Fútbol americano,25.01375937099299,20.574207025260847,55.23676681579322,2528.757187432559,Principiante,20.03284804333659,Sí,53.62279505077836,60.88900969818684,23213
384.0,Femenino,Baloncesto,26.10282321584954,13.651849573363435,68.93938556247528,3486.002303028639,Intermedio,10.541230478198184,No,57.15325331888842,75.3867542463017,138305
456.0,Femenino,Fútbol americano,20.649679825749256,22.19096784742844,51.84629272962382,4211.313386604185,Principiante,7.14965358560157,No,61.97478335600078,76.53534539105988,87187
336.0,Femenino,Tenis,18.759745416173445,4.926504281535832,86.47653675032039,2615.116075142423,Principiante,12.608251545625466,No,76.90527007832628,45.020399685851245,110809
456.0,Masculino,Baloncesto,22.05017524787586,13.804064360910932,83.77401512903312,4288.586369301886,Intermedio,19.50164746396368,Sí,63.6360042399572,100.06198867056386,4145
228.0,F,Tenis,23.35713421428772,29.32432597401184,71.50170679108572,3858.583863595324,Intermedio,21.96028953103692,Sí,74.8507429768638,68.49179902488174,125573
228.0,Masculino,Baloncesto,23.42833937999746,5.202845606795421,61.22658216689721,2866.4213563015537,,17.301749321662633,Sí,41.21765458496703,73.90242244151254,76724
264.0,Masculino,Tenis,19.043121395327766,23.44551116771184,54.34679093349396,3601.7588855990903,Intermedio,20.235303530289947,Sí,77.14834699686128,83.99470705245969,47224
432.0,Masculino,Atletismo,31.06123885253577,21.99967384001842,51.55514836192214,4118.472270408139,Profesional,12.006577780847667,Sí,91.48394438733108,99.81477743617307,244354
228.0,Femenino,Fútbol americano,16.55490753667183,15.11465671351748,54.13888810625788,3798.5481257603833,Principiante,17.96048034143171,Sí,81.51157408839236,73.91601971928024,195992
252.0,Femenino,Atletismo,26.56008058090543,24.336215329831475,54.49928937419664,1871.2813254505984,Intermedio,2.1172833793779464,No,42.689863078927054,87.05143378132374,134279
444.0,Femenino,Fútbol americano,21.607090110834,20.96691688935532,58.245910111267406,3361.915391581449,Profesional,13.76151149765381,Sí,94.87805191266013,78.0026758285653,67238
468.0,Femenino,Natación,22.521569096401755,18.72995157844521,87.99347608422376,2378.943761702394,Profesional,0.8136809376589741,No,84.71961824910935,100.27139056005474,134229
444.0,Femenino,Fútbol americano,28.618831033746595,21.86097533940691,77.17081418109473,3228.6217533792,Principiante,22.11196816849198,No,78.98639115132374,55.61201536515551,63748
288.0,Femenino,Atletismo,22.63428404547302,4.502286614417421,67.64241233883001,2955.907562454517,Principiante,1.1016642248527986,Sí,73.62984534778788,90.77759472309997,77282
300.0,Masculino,Ciclismo,19.796685446277834,17.25049486728464,56.52858542320149,3329.934128413422,Principiante,20.53313756890536,No,69.6939272066315,64.5342129604591,80013
288.0,Masculino,Natación,27.220861540101144,15.056978656255827,85.50359695143956,4401.431132379244,Principiante,4.639820226861863,Sí,71.32435263295392,77.2945046916004,247210
252.0,Masculino,Ciclismo,21.01307387216552,28.87851053704352,50.61967621979412,1954.181309482512,Principiante,8.622159461769323,Sí,69.05948095412745,97.44931715786728,214117
336.0,Masculino,Ciclismo,19.02868238971057,21.698060549032714,64.93652242515259,,Principiante,0.5691314078757952,Sí,78.29737995171536,72.99169318516122,204039
372.0,Masculino,Ciclismo,19.86746949680153,12.85347332502667,74.89221941916749,4000.43498867264,Avanzado,2.340065460162374,Sí,77.0017715201807,58.4343215281212,22521
300.0,Masculino,Ciclismo,20.70605205516699,31.678299887877223,80.22399171132378,2281.951177172537,Avanzado,8.380045904749148,Sí,59.164452019808905,82.97310372367073,237898
240.0,F,Ciclismo,17.09333143621598,19.9179772926271,58.5247120622708,3010.6481992132867,Avanzado,19.445791599029658,Sí,59.60627223146433,94.95513045432864,247549
360.0,Femenino,Baloncesto,19.46913486505311,9.184602505665646,,3837.862618554656,Avanzado,4.026690305388234,No,54.328780740690895,87.9805226273892,54109
264.0,Masculino,Natación,19.055704667390497,33.23650516539498,62.88719848919749,2765.393331711739,Intermedio,7.360765957569286,No,55.83275617328587,101.42459834539731,192479
456.0,Masculino,Ciclismo,22.40653379143005,7.570855893287279,84.2040609708157,3882.828608790513,Principiante,23.54797178955825,No,78.47211392844416,59.69076269850395,100762
384.0,Masculino,Baloncesto,20.487760748567936,10.176347936910496,60.133506573008304,3404.4991277026147,Avanzado,20.506612579893226,Sí,76.74862947054724,95.77354697073793,97873
372.0,Masculino,Ciclismo,20.080981461764217,25.1404596612135,72.4649136941533,4413.4457464787765,Principiante,15.06617785093435,No,45.5632166883196,85.07115449058364,79611
384.0,Masculino,Natación,19.93457808397928,12.076460622411467,75.62552851914101,2749.050461533934,Principiante,20.786827842068668,Sí,54.72963835743558,72.16973940507812,145938
336.0,Masculino,Baloncesto,23.11920596701559,30.446880375284422,70.22590197287761,4333.808206678971,Intermedio,2.06914314747988,No,62.122671667649655,100.5360962047156,14297
264.0,Masculino,Natación,29.319764938557206,15.095533605584537,88.50800293171592,2568.404372448963,Intermedio,8.87316700270898,No,65.77232139411322,77.54471713593558,98455
432.0,Femenino,Ciclismo,19.932241081331245,13.90276355029786,76.85432800742086,2489.7370073290845,Intermedio,11.522844643077468,No,88.47013467042729,58.51913569611463,116108
180.0,Femenino,Atletismo,19.92627874868596,27.97333312756388,54.925618773271545,2514.0676968071416,Avanzado,4.867911296369559,Sí,84.38594713498466,81.78660926884376,7355
432.0,Masculino,Tenis,23.58027304468958,12.036475506816045,73.74041663190403,4280.741164733395,Intermedio,19.588229158178883,Sí,63.63217364332293,69.65850382216715,77548
228.0,Masculino,Atletismo,20.652269941973483,13.549611866342662,66.71613022699142,2416.631298954961,Intermedio,16.335581123706508,Sí,56.15004763984236,64.09162624464469,97762
420.0,Femenino,Ciclismo,25.13681866009693,32.47163880752103,65.26087221650562,2119.583397273191,Principiante,5.197875032019502,Sí,64.67998041471735,76.18220800277301,164751
396.0,Masculino,Baloncesto,22.88980815821616,13.97533822448109,44.77419878967171,3169.3926470803685,Profesional,5.953312230594071,Sí,96.34707840978729,70.92623266047181,182389
216.0,Masculino,Natación,,31.43042608819396,83.37553090277054,2285.76258917201,Intermedio,1.3796016202948511,No,63.68548490262094,78.56212021526903,40258
396.0,Masculino,Ciclismo,21.479594417318552,6.740342627914077,83.03598416512213,4329.879034875206,Profesional,10.991230622895758,No,84.78657862487964,67.19319858261314,191666
360.0,Femenino,Atletismo,23.312413707833905,7.820934726583018,46.629974964845104,4414.104657578295,Profesional,13.820224449048188,Sí,60.06500258056572,81.97175448182774,65583
348.0,Masculino,Natación,24.99594637850344,34.35394121881118,47.02625980024543,4423.910045584048,Intermedio,10.839323334118388,No,71.17129432254022,88.11510660089724,174305
204.0,Masculino,Atletismo,24.255180844833344,8.660302367044334,60.31912735483053,4339.564733191907,Avanzado,10.386537368968972,Sí,80.36011364895738,99.96224073613982,124783
312.0,Femenino,Baloncesto,18.487499720071785,28.82230994106401,50.89205557218904,1982.9366362551,Avanzado,16.783003218317475,Sí,81.66887544553246,89.89579048188939,84211
204.0,Femenino,Ciclismo,26.344744196280367,24.76440498350933,56.39517060882608,4052.958411657001,Profesional,0.1832788135724696,Sí,79.20061758366467,101.10320055059026,12995
264.0,Masculino,Natación,21.582236109152287,29.753384235271326,66.20409240194066,2783.296575449418,Intermedio,20.751285909424283,Sí,75.46571294754419,100.33645516676918,102022
312.0,Masculino,Atletismo,27.05818158911742,17.1969046045647,53.494665162417256,3467.655741213603,Intermedio,14.476403427747188,No,45.76750532822557,75.47000090100059,90444
468.0,Masculino,Atletismo,21.83284874979308,30.364211139986203,60.30679541492107,2002.4506803208271,Intermedio,18.24147975379584,Sí,73.66403661595872,91.60243336287198,95804
312.0,Masculino,Ciclismo,21.69657138213988,8.375494642930276,81.0797912156344,4344.653968367032,Avanzado,18.18932181101613,Sí,62.9579596226105,95.07437725138556,160955
276.0,Femenino,Atletismo,23.91128528277136,15.426572041972884,55.22486895660741,,Avanzado,6.020953536680332,Sí,76.02961144688706,67.49177465280144,239725
312.0,F,Baloncesto,20.3339891429261,21.46359161137705,76.48452498086658,2952.598442060369,Principiante,21.238907675670845,Sí,60.4177790615557,93.80257197541702,93736
276.0,Femenino,Ciclismo,26.450684274720054,25.96984847525774,61.27772299380227,3320.6719053486454,Intermedio,4.10254060611297,Sí,53.88778123167464,98.22147732110692,201888
360.0,Masculino,Fútbol americano,22.15338319929621,14.119709274686915,49.3960056954605,2131.205707893904,Intermedio,11.225078809671713,Sí,84.15214984063233,52.48453262810333,23675
192.0,Femenino,Baloncesto,24.077667114342983,30.08613694335068,52.44683618768637,1917.7436825370617,Intermedio,-0.1049913721555485,Sí,85.66701705965545,88.89239822093865,98798
396.0,Femenino,Baloncesto,18.479102232934807,14.16338008926904,58.21486475967898,1906.6590989722908,Principiante,4.719683375778227,No,62.583105585370994,83.7144655065986,184358
456.0,Masculino,Tenis,,,73.28557914416838,4443.16664451669,Avanzado,21.35828497605708,Sí,47.877218203137126,91.29284580422632,31463
312.0,M,Baloncesto,23.5065823904132,5.956131539944886,86.02206580651627,3735.740032619612,Intermedio,7.726146478246532,Sí,91.44790847629557,58.05896270388564,56154
192.0,Masculino,Ciclismo,31.46580991734916,7.3267226763683455,50.60594980253169,1819.700933990872,Profesional,8.308935340010292,Sí,79.57028996241593,76.92813862603215,60406
468.0,Femenino,Fútbol americano,27.498522640005216,13.695390399714167,63.67336717822601,4378.413738172494,Avanzado,7.6314647217342495,Sí,40.31564503001167,82.45740036651462,21125
204.0,Masculino,Ciclismo,23.43375692804573,23.3774893559546,55.57216069927424,2051.53748646628,Profesional,16.370546201460712,No,54.86905620094086,95.49963253525942,181813
240.0,Masculino,Atletismo,25.302320980913823,21.07203962231963,84.35632626184676,3501.385487462843,Avanzado,1.7521732374623653,Sí,86.68306932790264,74.55204832991807,34231
396.0,Masculino,Fútbol americano,19.993889862575617,,85.75997328533259,3072.630929374392,Avanzado,0.1871217210142695,Sí,62.27901825364028,72.96825419441477,157039
444.0,Masculino,Natación,24.19308540779624,24.38750191509237,78.26987176430472,,Intermedio,19.603293437607057,Sí,69.97257427633355,86.76261647759677,83248
348.0,Masculino,Natación,17.652183443662757,16.325903214739107,60.93458454687752,2699.726547439914,Avanzado,5.126303257303916,No,63.58057565705051,82.69363443280358,240603
192.0,Femenino,Atletismo,20.64420818268272,10.314720057152536,76.7814785216415,3179.5521499663164,Avanzado,6.311993295536344,No,54.15814222258682,94.3096448052918,140992
480.0,Masculino,Tenis,22.148078927173163,21.44929786189015,56.62294515548468,2396.689107314591,Avanzado,14.075530179305138,No,75.64607350163858,59.04436570590851,75870
360.0,Femenino,Natación,23.68740542700359,10.656479074533364,87.44278645215488,3271.259449755184,Avanzado,12.875714224368943,Sí,64.28990359080728,72.22961066272849,40297
240.0,M,Baloncesto,23.80907089743296,19.07131792418998,77.8133860235348,2256.036729320361,Principiante,22.68630219923724,No,63.55839565689461,72.96500977231935,191005
432.0,Masculino,Fútbol americano,23.19671992429297,33.39832178144654,86.92903680172795,3490.897898840521,Avanzado,19.16466075704644,No,49.24641626596254,99.82496012493355,122433
336.0,Masculino,Baloncesto,23.445064056367247,27.14878130006044,68.07344495839679,3374.0925579151217,Principiante,6.20854417433532,No,60.66582479671808,68.38255178476459,161203
384.0,Masculino,Baloncesto,21.803010113027494,29.87372052999787,57.34395116234878,2768.645188323936,Principiante,4.253759622528126,Sí,94.41940984004388,71.34596944732913,28299
288.0,Masculino,Fútbol americano,17.922473460886142,17.67034696379841,84.9697526716027,2605.107219263124,Principiante,-0.5530026405389087,Sí,73.6010944911863,85.24797571447077,9772
204.0,Femenino,Natación,22.18783249196484,10.373170849666398,69.97416122983569,1837.393082380007,Intermedio,2.8721689261551395,No,60.37000665226444,89.97529757581499,238255
480.0,Masculino,Natación,21.353403496335243,10.868693328940816,69.69061332987889,3808.289525521453,Principiante,17.993399334683584,Sí,52.62485226075583,73.07456661613098,87911
228.0,Masculino,Ciclismo,26.07723116874767,28.817955330075087,58.03320128105152,4047.70175078488,Principiante,22.62814768715215,Sí,51.45921464512784,75.5748077791292,32065
408.0,Femenino,Fútbol americano,22.08324307436367,18.31644777151492,57.83405283602514,4463.075843863899,Avanzado,17.016830385149724,No,75.89581525323864,93.09838129834348,192927
,Masculino,Ciclismo,22.760787049106373,4.881337712864882,69.7384813534748,3109.380470379204,Avanzado,1.2241927143190598,No,85.8409703981983,62.78949277881596,144952
336.0,Masculino,Baloncesto,25.13610146502084,4.553408376438529,73.57058780498383,2928.9741606021094,Principiante,11.337550980295378,No,71.25925126863417,59.85698166805688,192315
324.0,Masculino,Fútbol americano,24.937635841243925,30.37743342586498,71.14103382594466,3023.825744652561,Intermedio,17.723428198268078,Sí,60.74293967136697,101.12976776540908,203871
204.0,Masculino,Tenis,24.51015069517988,15.73438354227111,85.8957528298732,1950.577460873228,Principiante,16.974149854145267,Sí,47.61021568698735,69.09962052898797,111558
240.0,M,Tenis,21.621236714534287,17.16141805827704,61.04983035112067,2877.23734348415,Avanzado,6.002079318450988,No,49.58659431464597,99.21279592135912,92694
276.0,Femenino,Ciclismo,22.88282866213583,26.31320257302691,74.47165516213572,4055.310123894048,Avanzado,11.042370144629116,Sí,61.56151059513127,100.04195725232908,246078
252.0,Masculino,Fútbol americano,26.810407170751205,40.51787793052879,79.05823147569929,4002.7302095143314,Profesional,17.335969232345818,,77.7158765281059,99.79876463094004,63907
444.0,Femenino,Natación,25.81003608516216,18.95449537049693,58.2687978706877,2845.227029561905,Principiante,8.134594130142226,Sí,44.76136655889854,95.03919809590283,74683
252.0,Masculino,Ciclismo,24.06063399543695,28.17373000299406,62.77049073209258,4229.654139883521,Principiante,13.900722750287729,Sí,76.69673066449978,81.91684509528328,154398
468.0,Masculino,Natación,22.325069055951307,18.047141352136588,87.565301473117,2094.128218804575,Avanzado,3.1250736068669087,No,73.3749343313466,73.39980842991065,13711
348.0,Masculino,Atletismo,17.136160691022,32.89901387755849,75.71819227274653,2169.260645673056,Intermedio,0.0107953789679141,Sí,55.82582282885997,90.87029633264471,187037
444.0,Masculino,Atletismo,20.34213416044837,21.27602733433956,71.50551604530699,4507.304173961043,Avanzado,7.901721031529703,Sí,75.20641275229387,84.58895496036791,119469
252.0,Masculino,Tenis,19.39353341685492,31.26881265058261,88.70466651331684,4373.713969870777,Profesional,24.4245443881903,Sí,84.32046149497201,83.68207303553152,66904
240.0,Femenino,Natación,16.730199085616153,19.373641370660064,81.93353790051603,3852.5448455520254,Intermedio,10.145572326885832,No,57.8669400389552,79.82809382834321,91177
252.0,Masculino,Tenis,19.99659742856069,17.87156669730854,48.644318453257895,2675.362565512354,Avanzado,23.122366071690216,Sí,38.16609143566012,86.6571446621139,97189
240.0,Masculino,Baloncesto,23.424248179081022,16.827257447725906,87.82405304216677,3677.686852453755,Profesional,1.1609045705480925,No,54.34916234546717,69.92638057289336,65414
372.0,Masculino,Fútbol americano,20.92087286907098,7.850783119495851,56.37967158851204,2718.487784048582,Avanzado,21.820216254921167,Sí,93.89223728832452,98.51030436520551,98006
408.0,Masculino,Tenis,22.140383784540585,14.473274316505607,64.0042698093202,2791.0890381815,Intermedio,6.571017124611854,Sí,35.23112686030931,78.01326761379892,207518
468.0,Masculino,Ciclismo,19.61514027633616,13.653419840488873,70.2489688013744,3970.354738032167,Intermedio,9.499348992036223,Sí,54.09849722276287,78.58886302556223,44653
372.0,Masculino,Natación,17.440600891834833,29.28898067856528,69.5052910636724,3252.9755987102835,Avanzado,10.911905932828027,No,68.08408371403712,91.79222905706226,203231
360.0,Femenino,Baloncesto,18.578965832153177,17.080786898210565,87.47358861023064,3024.806231060822,Profesional,11.41224072581158,No,77.01053718731212,85.12884038102762,119915
360.0,Masculino,Fútbol americano,21.98569127729593,19.711914321332173,61.465427220675615,2677.7602166130428,Principiante,2.5915058814272367,No,65.95816468396795,83.28424897472766,157643
420.0,Masculino,Atletismo,22.82558611506342,31.20819066342824,48.71052864130687,4382.138223148434,Avanzado,-0.0082224015861257,No,75.42128295563731,79.1666297191596,124295
348.0,Masculino,Ciclismo,25.01175630403968,23.1908421169278,50.63221935833051,3863.506185338809,Intermedio,18.32381104135225,Sí,59.41421372862349,73.5551374598957,134076
300.0,Femenino,Atletismo,29.78779004908436,32.501578537569195,70.73348445231557,3108.823563552014,Intermedio,16.19569006243815,No,67.17234378208326,85.20846334339186,95232
324.0,Femenino,Natación,22.963947776440428,9.632771741331862,87.71332830167022,3891.3674883495073,Principiante,11.955895083777262,Sí,71.64694370181743,82.83757953163902,171223
360.0,Femenino,Tenis,27.06284054686205,31.829400480833705,,3904.175395023633,Intermedio,24.03140594678613,No,84.02531749072185,96.32732432597156,62511
396.0,Femenino,Tenis,21.66704710579909,29.416350987070874,78.84174916696222,3925.438438435924,Intermedio,16.62802429942619,No,81.72041247130498,72.01177142086489,173986
216.0,Masculino,Natación,21.16543316343284,31.23005677126028,80.92818702840418,1922.922033788555,Intermedio,1.1190534948979574,No,63.01262170037094,99.24561938867198,204205
204.0,Femenino,Atletismo,23.516782208824463,25.44282487182952,75.21593036363254,4109.404018264491,Profesional,20.149400785879084,No,50.54103095293771,93.01248731571168,22040
204.0,F,Natación,20.32177383827024,22.45617639006035,44.3301661580878,3788.2278572285,Profesional,9.181217716258717,No,84.55325370246281,99.59728132988506,149787
408.0,Femenino,Baloncesto,25.14224751970988,24.721929163535524,73.57190974588693,1934.4438156241208,Intermedio,21.544394878474392,Sí,46.58441380455101,67.55978030863352,245255
384.0,Femenino,Fútbol americano,21.0633757856434,18.692415258721404,66.95846065496946,2031.4604216610887,Avanzado,12.48770347898804,Sí,47.66892947283466,86.64160878774807,212526
312.0,Masculino,Baloncesto,23.5747784645689,23.208824936335915,80.49308825687845,1878.5633019870804,Profesional,12.08826718538599,No,50.55603394264172,99.74061564598657,7651
264.0,Masculino,Atletismo,22.371447604219576,31.73178466956604,44.83035854517212,3660.6920865541233,Profesional,10.01703876401982,Sí,78.05026563054433,100.17632253847772,138924
372.0,Femenino,Natación,22.301905811161287,19.197241188491727,59.17870729258143,4369.745111835615,Principiante,7.489063122355978,No,68.41068217508433,91.10817353252912,114011
240.0,Masculino,Fútbol americano,23.591271109329693,5.677056246015124,82.4965752257503,2593.6762338052736,Intermedio,18.338187158874884,Sí,78.88228723249408,65.79157586104097,205544
408.0,Masculino,Ciclismo,20.62553447032835,12.526288582884256,53.13077837718844,2452.3487361689945,Intermedio,11.707460251326602,No,77.5788016492596,63.587987154407365,156049
384.0,Masculino,Fútbol americano,19.551832557080367,6.463001320820089,78.60955910673118,2339.41615347822,Intermedio,0.1360753456581998,No,84.63975352465197,53.04103178464542,3261
228.0,Femenino,Atletismo,23.698384099244507,16.95316532292403,74.92469732393391,2683.5140035337204,Principiante,11.356820639886338,Sí,89.38787237718512,92.82125095527424,205635
192.0,Femenino,Tenis,23.87518273104456,18.2145781758721,80.62171794094215,3391.1702947264,Principiante,9.769964727940732,Sí,75.87600615363974,61.15557220021893,171943
408.0,Masculino,Atletismo,23.80892591131309,29.40171326616491,60.68753548191597,2557.647843134493,Avanzado,2.789582438748646,No,28.8541449944953,100.0457993453898,196058
360.0,Masculino,,22.91530118390865,22.737526190207728,80.63209417337163,3022.008839912666,Intermedio,20.486674745719824,Sí,85.6682243104185,82.87146649418264,233129
408.0,Femenino,Fútbol americano,20.24648238654496,31.778465678133696,77.84307180697797,4179.592439452298,Intermedio,2.610872932710632,No,58.5025185492423,95.82115472773084,86153
468.0,Masculino,Fútbol americano,18.858977786916125,10.424500677131958,78.22855217174627,3371.9209507151177,Avanzado,0.2176582129307652,Sí,98.74795619540116,81.56850466077263,24315
192.0,Femenino,Baloncesto,21.988569241509943,20.43981439064316,46.150848599787565,3925.8988330140864,Profesional,9.72540925619131,No,46.625117917412894,72.59340477732033,84146
456.0,Masculino,Ciclismo,22.32892896086413,8.23848606299361,62.870436789233786,4186.369802767885,Principiante,19.37371024629408,No,50.62877716977816,67.51265095321577,197614
216.0,Masculino,Tenis,23.44140726081758,22.88515891783303,83.00387349731008,4209.584273313208,,1.503739874934001,Sí,84.79475430479285,77.43245882233377,242197
360.0,Femenino,Atletismo,21.016378755027468,11.749520204770594,53.719686744932,2918.642646733726,Profesional,21.965928064935017,No,56.115681205684325,99.86213204489933,59702
336.0,Masculino,Ciclismo,23.209869004266668,33.94188992628664,52.85346644807652,2513.518950900381,Principiante,1.0981475762662716,No,77.59814335609256,76.21652953464786,150591
420.0,Masculino,Ciclismo,24.7259885260236,21.521716485725022,61.916167831994166,3515.434148256082,Profesional,21.870033461804333,Sí,56.34621381779351,98.04227323808252,10407
288.0,Masculino,Fútbol americano,26.706880603763704,32.127809074545176,61.59250963246148,1913.871752736943,Profesional,9.107555003888082,No,60.64307007198574,100.86339019431118,20105
480.0,Masculino,Tenis,25.859669921442457,15.458890827393596,57.43268875597703,2879.7472205133367,Profesional,16.615622735389252,Sí,40.43739115488483,99.30769239645991,88152
432.0,Femenino,Natación,23.4814481937791,5.378941078546993,60.80887843208552,2015.9846413329176,Intermedio,10.733403134311583,Sí,79.39824100600191,70.88160069918678,25031
456.0,Masculino,Natación,18.76110831402409,34.22692347736657,85.71386136635026,2390.3814848291545,Profesional,10.36267002968834,Sí,39.29426797074987,92.02206582365316,121026
252.0,Masculino,Fútbol americano,16.95967696310226,10.69383041700602,71.24468427833314,4169.037753222325,Intermedio,17.07595912131259,Sí,44.29816671293689,85.78274587412227,98860
372.0,Masculino,Tenis,29.89028896691182,22.941430686175284,46.314311961882446,2108.806829013404,Intermedio,3.781050125961896,No,74.80555525564144,85.41058827095979,244756
192.0,Femenino,Natación,24.19748596619224,15.365750607798834,55.08252259969747,4322.781949109429,Avanzado,1.3891649490026865,Sí,59.86118879896627,88.28480054052017,152106
288.0,Femenino,Atletismo,18.24149892707655,,82.33258522017526,2871.7755889943824,Profesional,15.482968461843624,Sí,48.46709313289816,76.35530987631068,205527
372.0,Femenino,Fútbol americano,24.705911298641496,10.965123808660534,60.17621603787773,1796.1839615987103,Principiante,17.352871027538015,Sí,68.02120265078277,63.053685289139885,241757
372.0,Femenino,Baloncesto,26.305957386958628,33.325075759007014,68.43895699375987,1809.7736182828712,Intermedio,22.08937581502453,No,46.57107418138417,90.00328770998989,28814
336.0,Femenino,Tenis,18.249321454148088,8.001421391344543,63.22623137809258,2736.667998817903,Profesional,11.065921209644715,Sí,64.72010333637775,84.96433073534192,202584
204.0,Masculino,Ciclismo,24.799647244743497,17.063765002398675,55.63586755407995,1837.3893618041952,Avanzado,9.156073568219492,No,87.52536931045904,89.23440947178182,204292
360.0,Masculino,Tenis,25.01166824395897,28.69552848201617,51.80832041730307,1932.8555951993665,Profesional,-0.1487176665471869,No,76.06559527398021,99.24939653384313,178130
456.0,Masculino,Baloncesto,18.238607771040403,21.116830851545505,59.60172611011093,3798.7370039876646,Principiante,23.67961232954104,No,56.49142286233835,91.7052673229263,33441
480.0,Masculino,Atletismo,28.35486542835976,17.881814482502428,46.00934753217232,3529.900695171538,Avanzado,19.93779781619588,No,68.51402560569502,88.78644568604568,126315
420.0,Femenino,Tenis,27.20563048438134,33.59311993611291,67.75860253032202,2801.111351926848,Principiante,5.57389342724503,Sí,47.59299372827317,61.97283098930612,65976
324.0,Masculino,Tenis,19.045917228675,68.99059827847289,111.16986459994638,6955.287486083948,Principiante,9.055459586944552,No,94.60055890667388,85.11569387101035,247809
444.0,Femenino,Fútbol americano,21.40478963091493,32.80636524659024,55.274506203199365,2370.937261721266,Intermedio,5.092743378397844,Sí,93.03166511699392,79.88008537586869,144123
240.0,Masculino,Fútbol americano,21.670742207996994,9.560878296344598,73.74327231998497,4356.219015212738,Principiante,5.971046906131173,No,93.2973452078454,64.40696171538887,205753
444.0,Masculino,Fútbol americano,23.468410168604525,42.13800340615306,82.58719159047303,4139.592585973026,Principiante,16.60176167959509,Sí,72.52344756596872,95.27673189056064,206751
408.0,Masculino,Natación,23.01701191587289,27.305833843822857,71.90280572131411,2720.9624906405866,Avanzado,8.219903883763353,Sí,44.45946061372256,98.07287168809724,226302
312.0,Masculino,Atletismo,22.354883611949365,12.15268398206454,61.336642281453656,3784.886696953925,Principiante,11.83159013198854,No,46.69156056994899,96.28179441990684,113358
408.0,Femenino,Atletismo,34.98113187249356,28.705090018448328,46.99932049689563,2750.530687488257,Avanzado,21.593026446566,No,95.3259313485934,65.07107061709003,93656
468.0,Masculino,Tenis,23.284551716706545,24.471013093388983,60.53851926751864,3564.344256593949,Avanzado,17.24784734249729,Sí,65.76863219101658,86.4414036658529,20558
192.0,Masculino,Baloncesto,20.230392132545184,23.183262105039947,61.88701345511031,2234.99280881629,Principiante,8.243602104231593,No,58.86750351015471,65.85216658251946,60500
216.0,Femenino,Natación,25.86721743982253,32.536061239588136,51.54264761252306,4543.834914124017,Avanzado,18.79003556090184,Sí,58.52830843678196,81.32238604415372,93892
420.0,Masculino,Fútbol americano,19.45381558169309,20.99663088758023,59.46908643900272,4174.865557852806,Avanzado,1.9117099160081308,No,80.45144562349883,64.83779118394605,202123
312.0,Masculino,Tenis,27.05099734805819,14.483861340975412,88.03970884133389,1869.203061496808,Intermedio,23.03731748852669,Sí,64.3153359733014,97.97188102959454,123563
276.0,Femenino,Baloncesto,23.65635410757729,22.63903999563497,86.1269250952529,4147.863407857061,Intermedio,21.9908102576114,Sí,68.61587640119849,75.6456142734096,208098
288.0,Masculino,Tenis,18.04767593788533,14.671309721913602,53.77564890598109,2570.04678589236,Intermedio,16.9699504631602,Sí,57.97832700284832,63.87825960906712,237200
420.0,Masculino,Baloncesto,22.69654454073132,34.079392091673384,87.52213449070624,1985.422294039216,Principiante,12.656112894672711,Sí,41.59549802353696,88.54089034369166,123256
456.0,Masculino,Atletismo,25.74842018942116,19.3866917988534,55.76731027594068,3718.6620891624434,Avanzado,-0.3114989447623679,Sí,61.97136110865047,84.16753633187315,21739
408.0,Masculino,Baloncesto,23.067709511819857,19.80085371559601,59.9800261757724,3653.8853864593366,Intermedio,3.127803925556087,Sí,72.83437451274602,100.122034503934,247740
204.0,Masculino,Fútbol americano,19.7417437701615,16.037637407559316,86.47189846437547,4121.364144058528,Avanzado,23.320355661240555,Sí,46.28105502613142,78.20672442594521,108435
396.0,Masculino,Natación,21.303798289664005,24.898964439991403,83.3707814208005,2404.9737879889776,Intermedio,23.594461188669065,No,51.57891409539018,66.56174854040349,69328
312.0,Masculino,Fútbol americano,24.30820399507146,26.888794295362,44.95109950661229,1899.570086506103,Intermedio,3.032212006887553,Sí,64.81714814374591,89.21229160961542,189496
408.0,Masculino,Fútbol americano,24.86832551179364,16.515092823530573,53.29340037971375,3104.877762994025,Profesional,16.35845995925692,Sí,63.03682637800334,89.96811036502623,90653
432.0,Masculino,Atletismo,23.01954314926581,12.73674193276598,69.19489908940018,3727.144588188959,Avanzado,0.7362454923758132,No,45.3570771816328,84.4654642200656,127438
468.0,Masculino,Natación,18.750642994059856,31.28890211294055,63.55291720276486,2127.0452957421903,Principiante,8.236485369645921,Sí,81.03888720700982,95.1054404905294,235912
432.0,M,Fútbol americano,25.52367770679695,6.009497857422787,89.53013607250708,3424.72698445086,Avanzado,2.1646822060001925,Sí,76.41220778666012,73.32650742313737,159256
324.0,Masculino,Atletismo,24.707701750700632,26.194543740105395,67.33382426407844,2992.4621733750632,Avanzado,-0.5816501763949209,Sí,59.562999093266505,82.2374504108221,190232
264.0,F,Baloncesto,28.853042667454005,22.843383679145138,75.95801107586873,2265.766662583813,Intermedio,19.351300992951927,No,86.98313873714768,87.03269681198434,113510
300.0,Femenino,Ciclismo,24.673193355140487,28.626836952846293,53.43850122165961,4064.049778069554,Intermedio,1.9940271058398145,No,75.17892636090978,78.07986592559043,169496
216.0,Masculino,Atletismo,24.26071626919704,23.07062203754828,83.56451211584054,3032.54490836312,Avanzado,13.050768479529038,Sí,69.52921555896351,97.10707461264197,103591
372.0,Femenino,Natación,16.46652415809339,21.56764278712687,85.93269202829481,2369.539793587822,Intermedio,19.724596475262608,No,59.725052748090285,97.59671431932608,102647
372.0,Masculino,Atletismo,16.922988945995513,17.195815949206963,75.05937174681483,3402.643126579328,Principiante,9.02521799908473,No,65.03984180276879,40.64881183085566,141439
204.0,Masculino,Atletismo,20.91656593298197,5.9553314045098205,88.4777407467166,2295.567151399567,Principiante,21.41248378201338,Sí,35.17260200116163,97.5341268332636,233171
312.0,Femenino,Ciclismo,23.80181223910123,27.68287289486679,85.17328074930174,3163.197101222977,Intermedio,13.784676678075154,Sí,56.99174346400251,72.95043896901761,216000
384.0,,Baloncesto,22.70266789568188,18.70473012136719,75.586798686255,2483.581160686195,Avanzado,0.4973597553209806,Sí,86.37238037504392,99.62266515085636,120048
444.0,Masculino,Ciclismo,25.43589180550702,32.39735483943286,69.86905230366604,3764.831311952104,Avanzado,12.612916298408804,Sí,57.91762385119189,100.22918312729183,85107
240.0,Femenino,Ciclismo,23.494540632429185,23.29484458011129,63.10165021805835,4106.59249030208,Avanzado,11.795152316327384,No,,92.43865808515145,186629
240.0,Masculino,Ciclismo,19.86989714770289,24.92567317695212,50.4689360867048,3528.648209258376,Profesional,7.422574263256412,No,63.4382862191443,78.23481354537897,184034
396.0,Masculino,Natación,24.62486591797809,20.00970032441856,67.5732016794323,3063.8867708496014,Intermedio,3.2171062328777817,Sí,86.40577918785056,85.93130880750448,168008
396.0,Femenino,Atletismo,23.325980696413183,20.08323860554,83.12178175949585,3033.477185593303,Intermedio,3.331401404077778,No,70.15643534537298,88.36473856906338,141339
312.0,Femenino,Atletismo,23.287008197865607,17.438765955530044,73.86877027094529,2176.2518714175267,Profesional,7.54690500997504,No,96.82223138754073,98.67602019462832,27499
408.0,Masculino,Tenis,25.92670066756564,17.667466749565243,48.35598739900608,,Intermedio,17.34031566860787,Sí,59.92201563094661,65.03980640585053,245454
372.0,Femenino,Ciclismo,25.90924049240476,14.45370594083728,70.95063960007523,2657.245718029459,Profesional,8.117222198921343,Sí,65.11633919833362,100.60695753239172,195523
444.0,Masculino,Atletismo,23.665012037065704,32.54518459868148,67.96015567791318,4298.196019655565,Intermedio,11.227589787405028,Sí,87.528852061548,84.67486790849797,170630
444.0,,Fútbol americano,26.491165274194174,7.986255170087084,47.3476252866021,2233.553010232501,Intermedio,14.9300062673828,Sí,71.35674811696055,89.74736713769725,244576
300.0,M,Natación,20.92773978210711,24.57657062382968,72.78416265707526,3902.99430324068,Avanzado,8.7523678475471,No,69.22280698134392,98.027623576264,235469
216.0,Masculino,Natación,24.76190995616669,24.820411826136024,88.94904041029567,2611.524364049409,Avanzado,2.130398566771412,Sí,59.38208299811637,65.82747489281846,152698
348.0,Masculino,Fútbol americano,21.557839880976843,29.274645282294223,82.82766231908886,4432.134104540431,Principiante,10.021699367268766,No,59.61513179225911,63.64281472012747,144299
264.0,Masculino,Fútbol americano,17.651333488181873,19.952336691461745,104.60109967357516,7225.519216442274,Avanzado,19.815774779752903,Sí,44.400122082871306,86.52528882753951,168615
204.0,Femenino,Ciclismo,23.511983987771483,24.150174782968868,67.6547661838963,2584.413994757526,Avanzado,7.35315631124761,Sí,81.44747791957326,85.33538318404227,2836
204.0,Masculino,Ciclismo,21.891109754488124,15.897982120197556,85.0838540412555,3679.951348291044,Avanzado,0.3877204879867913,No,68.68488853323122,96.1862431009653,3699
384.0,Masculino,Baloncesto,25.41665966825341,19.72982093733052,54.88947023083421,4316.676457620469,Intermedio,20.88321795029205,No,89.34543774942505,85.14945107556291,14218
204.0,Femenino,Natación,21.904703104539767,19.49250180043583,84.15920156268301,3124.6689134863323,Principiante,0.7092652793764648,Sí,52.60839348821883,99.34033445413245,162081
360.0,Masculino,Tenis,27.497311676166763,6.569548428253127,44.66750600172233,2821.857767439675,Avanzado,10.209140008869282,Sí,65.58662526859092,72.33204046098177,186474
276.0,Masculino,Baloncesto,20.98741413719451,33.85318710096041,74.666727772179,3637.5317409614368,Avanzado,5.4844097986974845,Sí,49.63268883787535,56.83855296631524,36288
468.0,Masculino,Atletismo,20.126325164228817,11.821601684246332,60.93144995032954,2922.747524284857,Intermedio,9.845899160673792,No,67.09178548423527,70.72803291923789,42104
336.0,Masculino,Fútbol americano,19.30621362540286,9.552486304080723,84.53944581430989,2408.1813941337687,Avanzado,7.294161072994695,Sí,75.9018499040841,78.70121322162805,172180
384.0,Masculino,Ciclismo,23.62141016544788,7.924256521666185,84.05123149825687,2666.4413526574863,Avanzado,24.616177757405858,Sí,91.0248287685808,85.77520001386586,129371
348.0,Masculino,Natación,24.246104570332264,12.251517907970992,71.93524746729668,2811.5347655900755,Avanzado,3.169077646575902,Sí,55.32121310902753,65.81137534520408,166859
300.0,Femenino,Atletismo,25.395901958491045,25.900642217120268,64.59004730685449,3589.321131037425,Intermedio,17.822542061582052,Sí,43.22386027560176,78.05365321859885,146366
348.0,Masculino,Tenis,23.404442493454503,9.320313703696106,74.54094399349309,2867.022142055451,Profesional,16.502714013154765,No,55.03638886904647,80.30609759563734,118836
420.0,Femenino,Ciclismo,21.238202736412784,11.914440389736418,85.02204444590959,2515.337638845165,Intermedio,1.3479564468642904,No,58.22447283058151,79.16591266994021,181062
216.0,Masculino,Natación,21.23752462564692,18.960408696906303,49.8251371361286,4511.00684990693,Intermedio,13.748817811099537,Sí,59.36037561754629,89.12248312475879,87952
348.0,Masculino,Natación,26.04272955131861,7.231023612883336,85.13083029240909,2750.741472880247,Profesional,12.312786813963635,Sí,75.40850932548997,82.4433429994343,128641
360.0,Femenino,Atletismo,23.385730014898087,17.34195750405469,55.83698469692168,3289.08672416076,Intermedio,21.677428889881256,Sí,53.2696121706842,78.87918490214778,48218
216.0,Femenino,Atletismo,17.818184038747454,15.563825674671484,61.14178924297759,2708.693765739124,Avanzado,13.627587357453296,No,62.87004507364404,64.82191765943423,12941
264.0,Masculino,Fútbol americano,22.678050153977225,8.514487967745875,68.81878429006684,4086.6110505485294,Intermedio,4.203469590677773,Sí,70.6872646284889,71.99911768034741,130364
312.0,Femenino,,26.910260190038446,61.22302039392439,108.70583763845148,4941.875419545726,Avanzado,12.952559626769547,Sí,67.81145856918607,97.00537503891536,163896
336.0,Masculino,Fútbol americano,23.69952627254498,8.251457801060516,80.91570146045511,4294.4172252171575,Intermedio,14.782760669220194,No,75.45378010166212,99.21704760062268,95640
324.0,Masculino,Atletismo,21.44230647593908,29.8006213113676,70.55701808542959,3637.15904625139,Principiante,23.058818007346268,Sí,38.79587496423444,92.50961393092028,248947
384.0,Masculino,Natación,24.35899330416669,29.42218121180841,50.939297934941415,3077.1718387646724,Profesional,20.929119834645448,No,68.05107490540576,101.1955160932966,26034
288.0,Femenino,Atletismo,24.51346753143013,25.3988986913818,53.2663109382553,2667.9989645851497,Avanzado,-0.1282252090412248,No,51.26251387853569,57.79140501947887,88521
348.0,Femenino,Tenis,26.93495174272993,7.32641760170296,73.54030241416234,2658.8325185445647,Principiante,20.975124660741475,No,59.96049738845981,70.7598801529164,75400
480.0,Masculino,Baloncesto,22.669237281820664,11.335539448664644,79.75203010595891,2263.250265693824,Avanzado,12.40074199129424,Sí,61.56339018948055,64.09908274124989,193996
432.0,Masculino,Ciclismo,25.03187432077112,13.866614673677637,48.090371820942735,3361.3719518476973,Profesional,11.114547857640677,No,79.55627974861906,80.99893259889744,44401
480.0,Masculino,Baloncesto,22.015038912880986,13.805169537418369,55.106802026357805,3522.041774027662,Intermedio,16.810015345024432,No,66.28932430198128,75.71132090043696,197181
468.0,Femenino,Tenis,19.916426876078404,22.296786586869903,55.41419908904979,2906.1320851293444,Avanzado,0.2269229614491168,No,79.34471938172422,63.66646345404883,67826
240.0,Masculino,Ciclismo,26.647726962961936,29.65373109813196,68.4378290527859,2912.7294296358004,Intermedio,7.374093007300974,No,74.14915352133737,89.3164242938845,213545
204.0,Masculino,Fútbol americano,30.54286240611276,17.94683920555208,84.60653012664812,3451.6346017462115,Intermedio,11.787617362124536,No,71.84837936926269,93.25506295205712,197568
480.0,Femenino,Tenis,25.38197337928008,18.870738291767644,46.77036749314064,3349.79668157324,Principiante,-0.6925498432356623,Sí,64.31096605746389,67.72905235967316,176562
384.0,Femenino,Ciclismo,20.321269651842343,31.66063472028175,74.22051295820492,2935.883910214781,Profesional,23.022700821072466,No,57.57615640248474,64.3929865073402,171760
240.0,Masculino,Atletismo,19.853100359989963,8.709083143716486,80.0652642342981,3043.9847756334925,Avanzado,4.435323166607661,Sí,58.93579010604974,97.31487983653642,30725
480.0,Masculino,Fútbol americano,22.6500415987992,5.33965409437577,79.22425006466682,4376.944620574508,Avanzado,14.825808991601445,Sí,41.75040625868285,81.08112964974633,121896
396.0,Femenino,Ciclismo,25.920066485374395,32.21531727677048,65.05355755652575,2755.387632470637,Principiante,15.657740093416304,Sí,69.99571042001408,88.14188173824309,6032
204.0,Masculino,Atletismo,19.66807433715978,19.45967620532211,58.51541643541069,1959.919817921285,Principiante,5.4084151157386025,No,95.39930056425204,85.55505979954461,241968
432.0,Femenino,Ciclismo,22.74471095639879,16.275209413160372,63.98293735105938,1968.1282232745807,Avanzado,20.65662019328964,No,50.74126309163644,98.2741610602211,165207
432.0,Femenino,Ciclismo,25.24705622949606,15.658524029713735,77.92048794178484,4073.618986784791,Intermedio,20.42792053266201,No,80.1236926995986,99.9138155005538,236653
444.0,Masculino,Fútbol americano,30.028503244898207,7.314947638247454,47.82232107690632,1978.0214553790388,Principiante,2.5446936895840366,Sí,74.59192456287424,66.61294674450598,111638
444.0,Masculino,Baloncesto,21.2899218055642,34.047858634862415,67.28822064773364,3024.5987270206897,Avanzado,16.197064913456295,Sí,74.80147508045208,93.37863904155046,51707
348.0,Femenino,Fútbol americano,20.84096369968393,26.161742910246613,73.21103837122693,3835.100242935451,,4.618221829463585,Sí,73.87850019210306,84.69385102646989,193283
252.0,Femenino,Ciclismo,22.769169277382733,31.27490901008565,85.25372392736458,2454.9011431772224,Avanzado,13.096173353121548,Sí,69.86090189165289,99.7418440469632,86301
216.0,Masculino,Baloncesto,25.373119985698008,9.9465965698701,60.83108302612639,1805.3779063117672,Intermedio,12.178051374071236,Sí,57.059363557240296,81.79535225033354,39781
348.0,Masculino,Baloncesto,24.00124723959587,23.685493789777563,52.05848707658176,2757.005338522993,Intermedio,23.970715899523658,Sí,42.137610787470486,70.39738512573342,31361
408.0,Masculino,Baloncesto,18.43208281875765,27.47170565051126,75.17697203301572,2443.843565499073,Avanzado,6.819675362108819,Sí,,94.62156449401776,57573
240.0,Femenino,Fútbol americano,24.493265036790167,21.43785059196776,82.33235577367942,2297.6295767275933,Intermedio,6.256736723334846,Sí,63.22904660249169,84.17641277082906,35369
288.0,Femenino,Natación,25.96879983822071,11.775366837649528,47.77182838997676,4178.505648225669,,18.86093850772985,No,53.88367131140823,69.19270293284634,138686
288.0,Masculino,Fútbol americano,22.83584211787088,,48.6429548766047,,Principiante,9.165538285792046,No,55.11496824891715,54.09512775720568,234450
204.0,F,Tenis,24.148007521785694,23.42349539214412,85.50419887346057,2642.079013471036,Principiante,11.54184259680044,Sí,77.85632359735628,84.19357841484941,115207
276.0,Femenino,Fútbol americano,20.773258615337525,4.545993773893279,56.97861198584817,1894.934711658605,Profesional,21.932650113082687,Sí,43.79757948265436,72.54449727468166,200689
228.0,Femenino,Ciclismo,20.94724423164389,4.464334658754569,59.9703189010496,2916.309943805199,Profesional,15.904390831425973,No,63.97384455759618,90.23801924238292,170140
372.0,Masculino,Fútbol americano,24.64211601111116,24.40722490560705,52.16671061769621,1873.659195140315,Avanzado,20.35487346702069,Sí,80.88521375169614,100.04356793087956,221840
444.0,Masculino,Tenis,23.15606641846375,25.228901129477418,64.10640508318424,3731.1018354526977,Avanzado,14.488668374174967,Sí,100.4233489301112,97.9588130238423,199703
252.0,Masculino,Natación,27.032146330843272,9.65826089219931,46.623510303180105,3646.671189654219,Intermedio,21.74017114937449,No,71.30210618808138,79.6239359157214,103053
480.0,Masculino,Tenis,22.34447760013312,10.339310731490109,86.70174124429039,2488.659291521931,Avanzado,22.34671693789236,Sí,51.67316403217449,100.08433559733724,204733
240.0,Femenino,Ciclismo,21.852363391522136,8.415148218069652,81.76455730864136,3684.41726263352,Principiante,-0.5296993551764885,Sí,69.32247212937729,84.60586699499727,65122
276.0,Masculino,Ciclismo,,13.157103939329687,59.29320718581274,3400.2385548199745,Principiante,4.77175813471902,Sí,44.60732698353091,80.17488459153125,184353
348.0,Femenino,Ciclismo,23.4439374092611,19.387274515395085,54.19266429638648,3051.1234698901126,Principiante,6.166105181757938,No,52.03569642219956,57.85296021677293,189471
348.0,Masculino,Atletismo,24.98570279893298,27.987653968519663,64.74062846711767,4439.313862213083,Intermedio,22.00061444935226,No,56.60133081414197,98.9784960287114,87153
216.0,Masculino,Atletismo,24.01750538138215,20.72281069328128,76.9155449397701,3685.935462609458,Avanzado,4.979688047072498,Sí,83.69636477491153,97.83654856264228,67487
264.0,Masculino,Ciclismo,23.716585484930533,16.923788266079352,49.5277822585162,3864.997811209399,Intermedio,17.16880486978009,Sí,52.69180968931531,84.7366401847087,116359
216.0,Masculino,Ciclismo,21.22833774635924,6.701702668208922,88.3537424125414,2773.3466677608217,Intermedio,12.14763933666291,No,76.43451823484074,73.68407357162417,120725
276.0,Masculino,Tenis,20.06836273203875,17.403595586616856,55.66446360015591,2592.414264460651,Profesional,12.17935226783202,Sí,76.52964010944041,75.8284414233961,46749
396.0,Masculino,Tenis,20.5827165383632,28.68487922671183,55.87631566661706,3140.725436881494,Avanzado,21.821201826938577,Sí,99.6904695749134,85.75886111895949,194717
432.0,Masculino,Tenis,22.834452741117715,26.06044586837224,61.78968218759536,3436.199157992111,Avanzado,18.83426068210008,Sí,69.4528252645716,90.08618034483877,155287
264.0,Masculino,Baloncesto,23.4743290720342,33.776631491814705,52.24157131894233,2268.8044529157173,Profesional,-0.3508482147321975,Sí,76.66420222904424,100.44205474417883,83670
204.0,M,Ciclismo,18.197668871912324,5.568261363337259,77.28335697587755,2017.5250576280343,Avanzado,13.562021693969278,Sí,68.74457049333085,69.49597930682191,221254
396.0,Masculino,Ciclismo,22.627370163824324,11.507932701366162,82.08073400949797,2782.915936297716,Avanzado,1.8057369410984725,Sí,64.24266880493582,98.52094924072634,40263
204.0,Femenino,Fútbol americano,23.506776288281102,16.88479195188253,45.9489952104528,2329.91693693376,Intermedio,17.865790435868657,No,63.84814778204159,101.1649387757166,244663
468.0,Masculino,Baloncesto,27.617849782503672,7.790775438692386,78.78762371677325,2905.006104420649,Principiante,21.55739718768244,Sí,45.24488888737663,95.90082683072306,144022
396.0,Masculino,Baloncesto,21.573502693575254,25.4726131871541,87.94593575096546,3112.5947733440144,Intermedio,12.951292803487574,Sí,70.45757776284067,63.14581642419701,186263
288.0,Femenino,Tenis,23.552865472312497,32.12410843105942,85.59975568964629,4089.567399167188,Avanzado,6.500960531024285,No,98.72205355987852,88.22175147839495,247999
480.0,Masculino,Baloncesto,22.669237281820664,11.335539448664644,79.75203010595891,2263.250265693824,Avanzado,12.40074199129424,Sí,61.56339018948055,64.09908274124989,193996
336.0,Masculino,Ciclismo,27.64285640433563,14.523644654734122,50.24712333030414,2334.634277875732,Principiante,10.775822664982638,Sí,49.60741621195815,94.60316702247836,119388
480.0,Masculino,Ciclismo,18.18262165229194,20.24968261562412,78.73439746287072,1969.860377879494,Principiante,9.576638398148525,No,81.90549931808714,68.19099985093683,109638
264.0,Masculino,Atletismo,26.93015649615424,13.02297690661075,77.81726632989883,3960.520798387683,Profesional,18.9033867954682,No,75.07812765222155,93.27173338680824,54922
336.0,F,Natación,26.36324768246276,,61.18156968760065,3908.7820043115744,Intermedio,19.288690663701,Sí,59.45336697451344,74.65223650507735,3609
324.0,Masculino,Fútbol americano,18.58320616282308,28.304973211279897,57.936724861155206,,Intermedio,3.828618170756639,Sí,52.83447861856728,72.09981772978038,238046
432.0,Masculino,Fútbol americano,26.18054661273804,13.697177482999113,83.81589001154957,3372.9440967273126,Principiante,19.856621440118463,No,80.67471071047741,82.90502597358721,54413
288.0,Masculino,Tenis,21.560499962166503,25.8785702396139,56.82369992974968,3856.35413991551,Avanzado,13.83525916517472,No,74.03570914575441,100.1811048092793,55563
360.0,Femenino,Natación,24.247436275954023,7.684702884173423,58.7786321172564,3476.6386363565807,Profesional,0.7838004340250851,Sí,29.2388162941898,98.25542032852616,19508
432.0,Masculino,Baloncesto,28.30205666692556,33.969447751983004,47.66575985673029,4186.345919755528,Intermedio,11.123292109222454,No,53.6154420206387,79.61895071163414,111195
348.0,Masculino,Baloncesto,23.48751794376772,26.02081723180726,51.13880834171222,2948.371788025728,Principiante,19.23194639933377,Sí,64.80758528839623,89.04572520623582,198070
264.0,M,Baloncesto,18.39827235957561,9.002071216507412,66.36758460909469,2409.824820627026,Intermedio,2.9183383744145424,Sí,82.06174489757265,101.5673753109881,58579
204.0,Masculino,Natación,20.10526494259151,24.14289820135192,76.99000064422107,4433.242230541608,Principiante,6.48521806870432,Sí,63.98823539636237,78.03051040249703,129053
408.0,Masculino,Natación,24.047528464900985,15.387831839654552,69.00472165478257,4072.36979658072,Intermedio,19.481878289109048,Sí,73.98612258216723,71.94825252935236,212638
264.0,Masculino,Natación,25.981766668079164,26.516473271742576,70.91864377587973,3192.656514183239,Principiante,6.027769166043448,Sí,37.30369417722003,93.35637339067873,222508
312.0,Femenino,Natación,23.28226509247019,25.86895559833492,62.41942516891966,3856.0270205883457,Intermedio,8.50141969363455,No,89.4400975809784,80.43361306705535,74236
288.0,Femenino,Atletismo,22.325584165330667,30.457602221288514,60.78217818248327,4019.4134552553664,Principiante,18.15048425676872,No,62.35249057331498,76.85460852244955,236691
300.0,Masculino,Tenis,19.34488599345548,31.05157825921306,54.493992868991285,3323.9264878559447,Intermedio,13.4964262106441,Sí,60.48414916896834,90.43915896363144,83286
,Femenino,Tenis,24.165996979109767,11.569225051710358,65.78938437818874,2105.9828965540264,Intermedio,0.0879262112366123,No,79.11822163842311,87.64146270752174,173901
384.0,Masculino,Baloncesto,25.03659525116512,13.875277900433666,68.00998280766628,1852.106080549348,Principiante,1.768095154059465,No,93.1376615774264,72.1386086927944,81806
348.0,Masculino,Fútbol americano,24.405407324800613,30.550484272510307,62.27059736635024,2913.341163106616,Intermedio,19.83537892004494,Sí,41.045447993903615,79.69681532496188,205504
456.0,Masculino,Ciclismo,21.17012581350807,7.559787534372231,51.29043181598329,4212.247597260869,Avanzado,9.031233631282095,Sí,67.63567550799058,74.49617885340258,9406
336.0,Femenino,Natación,25.49757581455912,5.152383772549656,65.1146620008798,4404.7925744393815,Avanzado,10.8765388827924,Sí,73.09545900717313,86.42756502127958,129497
204.0,Femenino,Natación,19.84777390401055,11.220456946471414,,3135.510554605888,Avanzado,2.310690210503705,Sí,42.363482089141705,95.47095353868146,249002
384.0,Masculino,Tenis,19.02901394533634,17.68321509711109,70.73144218001464,1831.4658644746416,Avanzado,14.171222004065845,Sí,67.00765264074475,83.7477786678694,26491
348.0,Masculino,Ciclismo,25.75938278277956,4.999522227223369,77.16264485415,4202.650589869705,Principiante,20.133141312360205,Sí,61.43568921339309,49.76019036516718,239370
252.0,F,Ciclismo,22.84311476575715,24.01230048569013,50.14357111876327,4094.637263461638,Intermedio,13.53357137135755,Sí,66.21354624111417,61.573717155832725,219046
360.0,Femenino,Ciclismo,30.71849064369881,26.502136026267053,44.183504436244206,3215.660172757725,Principiante,19.276878712014096,Sí,77.30069190695981,83.20039261529601,240119
360.0,Masculino,Atletismo,21.178285317959475,24.273882518115126,83.34345339354024,2571.175788152083,Avanzado,18.285777350414065,Sí,66.13430098412668,88.61069840926001,57413
204.0,Femenino,Baloncesto,21.670325421256333,18.949086218568223,82.18426295941039,3425.931273364446,Profesional,16.866902542425034,No,67.07839073312748,99.23363462386872,177088
300.0,Masculino,,23.848016579512947,31.212463025736422,83.56179795885961,2086.2837993874523,Avanzado,1.4429450237776384,No,66.48665498666617,82.42777860631793,7386
432.0,Femenino,Fútbol americano,19.291482243305754,18.76924639616021,82.62306253423621,3255.296936660557,Profesional,21.09831950811777,Sí,56.76601724172229,81.63789412630624,141713
252.0,Masculino,Natación,27.032146330843272,9.65826089219931,46.623510303180105,3646.671189654219,Intermedio,21.74017114937449,No,71.30210618808138,79.6239359157214,103053
456.0,Masculino,Natación,23.223114288441305,11.478852000673088,57.49150969304954,4252.114783554749,Intermedio,0.0502159271358375,Sí,65.03284789577009,32.211628895480864,182133
444.0,,Baloncesto,23.80640586134668,14.134440493381884,51.44203251501036,3990.7240652633936,Avanzado,10.3569904827067,No,68.09034673786199,84.35209135560333,225583
336.0,Masculino,Fútbol americano,19.260935322040574,18.72260419007484,88.0358338515946,1940.3387141570408,Principiante,8.976456338672524,No,40.96999233610123,68.36325935437999,120006
204.0,Masculino,Fútbol americano,26.765230506518275,7.337193006638183,48.089098733194085,3731.596881144049,Intermedio,14.373530560875636,No,79.28986142579565,89.00063813027845,135878
396.0,Femenino,Fútbol americano,24.314802493798563,16.01372229955256,,4125.001858744367,Principiante,19.92159530340366,No,83.06314781755147,91.25031248689967,183717
252.0,Femenino,Tenis,20.88081612060361,19.389147797902066,86.53328661863843,3731.189387239444,Avanzado,21.18280457397741,Sí,75.6716685837705,93.49294256677462,218579
276.0,Masculino,Natación,21.901320797487884,32.120430922232245,57.92253320254796,2090.153846890636,Principiante,16.994874811113192,Sí,55.19674072480992,84.06820974767882,20047
480.0,Masculino,Baloncesto,26.61626383610257,33.46186319763007,70.60657532514394,4025.642546307077,Intermedio,20.41479444189748,Sí,60.065117619171176,73.05316743615815,166980
408.0,Masculino,Atletismo,26.008868545719125,22.89281108434933,69.88344785776921,3207.505737723936,Principiante,9.09810118146896,Sí,90.97501646415095,78.77299686882814,216776
324.0,Femenino,Atletismo,22.23811133134602,11.106505573506308,55.2868859630899,3691.3712888810137,Principiante,1.3865259437754125,Sí,84.48676574936262,68.42704038697407,157982
300.0,Masculino,Fútbol americano,25.629096965199835,30.82303291996097,79.75560191498622,3537.320665036852,Intermedio,17.749986893146414,Sí,74.12996122351976,79.52203760157545,56223
360.0,Masculino,Ciclismo,25.89059468144447,7.4281510213184125,45.273187149905226,3563.2095248392466,Principiante,10.61193677413446,Sí,50.73629977698437,41.38106562247215,215224
204.0,Masculino,Atletismo,24.86168647821594,25.103592628077884,58.714380131788616,1992.496459335514,Avanzado,20.53488455004944,Sí,90.15885271635229,85.11256361208477,144406
492.0,Masculino,Tenis,19.26530683380032,23.457781320894355,78.12774744159557,2355.869176378712,Profesional,23.377925752499635,Sí,52.58511933478499,83.62645939677941,80336
204.0,M,,21.89805410035558,22.346991505945763,46.48243665861147,2038.621914183564,Profesional,21.111482657381465,Sí,93.35521565101207,75.28154176586408,233820
360.0,Femenino,Fútbol americano,23.948584795718617,32.54359313074847,47.34661714565689,4461.276281572725,Principiante,13.344070076786524,Sí,53.01231222162292,80.42673913699164,77925
216.0,Masculino,Tenis,22.51715428192187,20.55759311147175,80.45461628332806,5532.800530747281,Principiante,9.248815778765096,Sí,56.26194596458063,63.65360889019353,94280
240.0,Masculino,Fútbol americano,22.08251959311222,9.2932821495781,51.42765662697701,2091.956427658384,Avanzado,9.124931149711216,Sí,87.00871289646244,80.59638771946146,69632
468.0,Femenino,Ciclismo,26.255309487548768,5.756220176351183,51.128220053636085,2343.960693115145,Intermedio,17.46675864635154,Sí,77.49943172183973,71.01924113771994,39670
444.0,Masculino,Natación,27.524105878731383,14.048722249808524,85.15355468201957,4462.02548417029,Avanzado,0.8584230436350995,Sí,77.64165830087147,81.37179387504796,239103
324.0,Femenino,Fútbol americano,29.33885682335336,20.17518472410796,74.10755840351464,1992.3446591348863,Intermedio,20.83357735275339,Sí,77.1280208029272,77.14378147387507,77340
456.0,Masculino,Tenis,19.36091562550859,24.917751975906874,85.86727798755469,3834.335201642452,Intermedio,2.248651950955353,No,77.05953120206432,80.04995677064086,92821
264.0,Masculino,Atletismo,26.09433932824245,8.281338395301303,78.5174053206416,3028.6003518365824,Principiante,19.713695190018427,No,46.408585849550185,60.83577657353101,191606
192.0,Masculino,Ciclismo,20.49579347410988,5.918377668071035,58.70725558293287,3317.027842297872,Intermedio,14.90301528783535,Sí,65.7847877696321,62.02156449391483,248719
192.0,Masculino,Baloncesto,25.128003572365927,10.402207849933731,60.32035447884584,4382.75557839939,Intermedio,20.69883643734176,Sí,70.55319512056396,86.89635861555202,145263
432.0,Masculino,Tenis,23.686124691672315,9.274575710388486,78.97195689610703,2258.379491580028,Avanzado,,Sí,68.935220555827,76.05909228374236,4803
348.0,Masculino,Tenis,19.86115450470806,32.01174304675651,45.99087511966543,1952.851690407856,Principiante,6.541547783070596,Sí,48.07906613183252,61.55151407661732,106185
216.0,Masculino,Fútbol americano,23.82699399700535,12.441742065753292,76.1290719287153,4250.991781029464,Avanzado,,Sí,62.5895847553523,66.83740105325637,211971
312.0,Femenino,Atletismo,22.100507647501765,13.657631453285852,64.24281137921258,3275.1737266859827,Principiante,3.308445359147031,No,75.96035257354313,72.97649783438438,236186
492.0,Masculino,Natación,22.36639007571065,29.78119399854002,87.97540170719819,4401.903728393648,Intermedio,16.644500391503946,Sí,,61.36325026068008,109465
240.0,Masculino,,18.158153382909006,8.207460189257553,44.163171913585785,4491.405121583302,Profesional,20.772490588305285,No,58.502773489716425,81.30957774862311,150864
372.0,Femenino,Atletismo,24.74091668763576,20.964517871691925,75.70262796344288,2771.6875733315305,Intermedio,1.9189723201700424,Sí,34.36479626004454,83.38031728865487,74210
468.0,Femenino,Fútbol americano,26.36374299344579,8.331218141185094,78.38279834592416,2820.5671116363446,Intermedio,7.711714524103679,No,76.41081143990952,51.41127777814456,231193
360.0,Masculino,Ciclismo,25.88982966647952,6.478453099798501,63.94248267720274,3794.359735463586,Intermedio,21.781324196091298,Sí,74.93579566374977,91.71625593748594,58311
420.0,Femenino,Fútbol americano,21.37167298612482,6.857351293334469,54.23177327160955,2945.77477876198,Avanzado,11.01633152153567,No,72.36290861118145,89.39278978412862,242777
324.0,Masculino,Tenis,26.034596036081417,31.1597227837332,83.43853274642576,2714.670123134139,Principiante,4.306878384593053,Sí,91.44675864040886,67.24775965749663,227444
432.0,Femenino,Atletismo,20.458577044311344,14.430762448802325,77.69133136959034,1880.8490431324967,Principiante,17.559867966066232,No,68.91972046279794,84.09048442586116,71505
480.0,Masculino,Atletismo,25.0410825223438,20.819620951460816,90.00495199867906,3428.770743619671,Principiante,21.909877372768392,Sí,63.09225115423356,78.0898588818289,205093
204.0,Femenino,Fútbol americano,23.31213953669784,6.642326105965063,68.10805993019487,3236.1228350151528,Avanzado,21.09570661727212,No,65.81733128704394,92.52516430592834,45364
288.0,Masculino,Atletismo,18.11007476716594,21.83495345216076,58.585543719575554,2404.6450601345327,Intermedio,3.553183752602765,No,53.04264151709474,55.40258954138357,20109
,Femenino,Natación,24.42268344678267,21.31314306059565,51.79837031328036,3397.03623348608,Intermedio,13.843042217171908,Sí,54.087966839780535,89.09904817027171,169154
432.0,Masculino,,16.435090290591113,23.44129589019723,54.78122596962383,3952.255448435949,Principiante,21.2081680492388,Sí,53.28184012859552,87.73725561416708,55030
336.0,Femenino,Atletismo,27.51516176755701,6.457479030212795,54.07497266026037,1948.243217482622,Avanzado,6.456233682693595,No,39.574101279662855,90.7719244255591,28644
468.0,Masculino,Natación,22.059986777507525,29.256499972058577,84.94657622466525,4000.992480791015,Intermedio,3.743929745104184,,47.64805663198302,99.79525836646808,77236
252.0,Masculino,Tenis,27.25686602251539,19.69049698417838,57.04692937973601,3729.3396822513632,Principiante,9.849623533815787,Sí,83.30753051643205,64.52718946993045,209876
228.0,Masculino,Tenis,24.748793163792605,11.12971614097934,86.10129147624062,2148.330593376381,Avanzado,20.878542130761726,No,44.463326247299456,81.79423946844567,222178
204.0,Masculino,Fútbol americano,25.611539014925352,9.328530837165276,83.30003886445411,3589.922385472793,Profesional,20.283940965385632,Sí,78.70809596574169,81.77363798257373,187516
396.0,Masculino,Natación,21.42172257992538,31.53272301825128,61.2048110845872,3811.6102195016224,Principiante,3.948541336635508,Sí,48.766862936396805,90.98413405691328,200001
312.0,Masculino,Ciclismo,22.73766064407192,6.428894750434012,75.21924210972162,3337.520740714844,Principiante,11.302706713947826,No,61.83319687031335,73.35896574192724,60374
384.0,Masculino,Baloncesto,26.242913324617923,19.880381775362192,65.67550551479798,4241.229076422884,Intermedio,1.4787182220654098,No,59.056798406710655,75.51308303215828,178864
240.0,Masculino,Atletismo,21.8956443434522,27.75672264559701,57.790704124755166,1855.1301518078508,Intermedio,9.646827768925055,Sí,52.61725317342812,99.59880439900284,147716
192.0,Femenino,Ciclismo,23.30128953387389,11.194585902761174,51.48231884660261,2686.314895656969,Principiante,7.181892726052911,Sí,65.97338568961068,58.928701522678566,139281
396.0,Masculino,Tenis,21.549707933084186,20.447346466120408,69.99949487767725,2952.4016046316715,Intermedio,11.36881233568697,Sí,88.54979073857653,82.76747250423509,165072
384.0,Femenino,Fútbol americano,29.62475759088768,29.81853229619347,88.10373792797148,4378.099212818751,Principiante,14.379302194731387,No,72.52499431401782,67.02234422937725,175588
348.0,Femenino,Baloncesto,24.254688573048885,23.045802816686525,69.55277748010442,4425.2794831436895,Avanzado,4.724443966181711,No,66.0599082949279,92.9042092989602,140836
336.0,Femenino,Fútbol americano,18.82977113026765,16.53455553811798,88.60671715040353,3948.549196727965,Principiante,21.37620258976764,No,54.91674253290759,73.29905550406954,189236
192.0,Masculino,Atletismo,20.120663889745945,12.628913067233311,85.66687563681488,2558.9329460198687,Avanzado,13.68185280302961,No,77.14747624335199,69.99272523643937,87308
228.0,Femenino,Fútbol americano,28.13287062468234,24.786527981216867,77.7956646256393,4202.90286932266,Avanzado,5.959760587374113,Sí,69.04702223788874,70.5464204673857,120229
360.0,Femenino,Fútbol americano,16.16942438539239,11.813507720730376,84.01112645147568,2491.9913262799346,Intermedio,19.12449094289552,Sí,59.05500820690551,93.37074279906076,183368
384.0,Masculino,Natación,18.26067459964401,18.12549675090068,78.29555926991061,3234.7716582325857,Principiante,21.77560467306818,No,47.38677802022304,87.88104444718964,169252
468.0,Masculino,Ciclismo,,27.800167679967814,47.945607573845,4076.8498961067,Intermedio,15.840559323294142,Sí,68.79445093462434,71.0494754667698,179670
396.0,Masculino,Fútbol americano,21.879158476434448,9.377959907884003,63.08368390596116,4083.693665714804,Profesional,12.867612148914567,No,40.13155062282342,79.1531922045125,14475
360.0,Femenino,Atletismo,22.83322975818149,5.475843309634943,54.20579440928077,3419.765602320376,Principiante,11.908338531696131,No,92.32393286818868,61.72795510390743,196810
360.0,F,Baloncesto,19.314082642398738,30.788042914475497,47.9768415044909,1942.7616744945649,Avanzado,7.937478954762679,Sí,46.41893000463688,95.84148727813267,233782
228.0,Masculino,Atletismo,21.95369774131289,22.59540037084893,48.930834940989065,3868.294005961391,Profesional,14.119587921564705,No,63.14831676012052,100.29223959224042,205277
288.0,Masculino,Ciclismo,29.78476559691642,16.93382072628751,72.94521348770716,3343.75392211689,Avanzado,5.471746081261938,No,64.81688730639786,80.35644146899396,202698
432.0,Masculino,Ciclismo,22.73328480309856,11.432312995548529,78.5352411368437,,Intermedio,5.194578724250904,No,71.79729238540989,84.59995526677127,1646
420.0,M,Atletismo,23.23391176514457,20.58444444344953,50.30461238229837,2854.893952400075,Intermedio,12.223509530776552,No,63.491396556272186,86.21167365517171,239154
228.0,Masculino,Natación,21.237486939173262,29.26648708933877,80.29629706037417,2798.004721456142,Avanzado,-0.4959779252023183,No,75.87827815508732,100.24915773631751,205995
420.0,Masculino,Atletismo,23.89800358795976,23.56716541100014,60.5832390773678,2658.029856680307,Avanzado,,No,65.60445404471999,92.54157072689242,168013
324.0,Masculino,Tenis,21.074766258569472,31.21585530660368,44.98057190943974,3662.853888830995,Avanzado,9.6675175851707,No,45.73842832657311,89.38453545685725,192425
360.0,Masculino,Tenis,23.44725066974204,15.963705093057168,54.157337393466776,3619.696608296815,Intermedio,14.757263342170337,No,74.23195384583943,58.95666084518741,30580
408.0,Masculino,Fútbol americano,21.2696804431819,22.8445386639418,53.444516707337485,4029.6740255328327,Avanzado,19.844260310547742,No,61.88501422907528,74.65303671987543,176019
348.0,Masculino,Atletismo,25.62356454826417,8.501886114377935,63.6094888706703,2472.9724286718483,Avanzado,8.944985182170951,No,52.39666312438071,78.57613975768587,130940
192.0,Femenino,Baloncesto,20.14132269083079,11.66010455445447,64.77204648771925,3764.732196636185,Intermedio,4.176776583202667,Sí,59.86775732065795,62.63630078740496,5682
216.0,Femenino,Fútbol americano,25.6199641455818,33.83070620302535,66.52276050227195,3159.668037659512,Avanzado,23.491421953156525,No,50.9150842819299,100.02922248640084,93401
216.0,Masculino,Natación,24.55602686904393,30.77695436129009,57.30091195234443,4350.437786852271,Intermedio,0.1757698173586518,Sí,65.0242815308136,69.20065407107678,80184
276.0,Femenino,Natación,23.05141036880835,34.15063782623227,83.81094233090315,5549.537081787549,Intermedio,5.354559965930373,No,63.00389081511355,100.32660691069894,144338
240.0,M,Baloncesto,20.25443755670414,6.927146798383023,52.94049099840886,2999.2230312173333,Profesional,8.906121955669017,Sí,57.558471632905466,83.26993451059457,109752
396.0,Masculino,Baloncesto,22.906539398470155,11.319883893629353,87.54442806677012,2877.70867479356,Avanzado,5.547985408906862,Sí,75.49646091325198,58.03347544388671,53679
372.0,Masculino,Natación,25.534386042030675,6.31446579590886,72.04181541187378,2889.189520181678,Intermedio,10.834816712386743,No,32.124019496551874,75.55072193111951,249061
348.0,Masculino,Fútbol americano,20.22199546850241,15.190377499755602,86.82339604577852,1757.4763489304262,Avanzado,14.165549001965251,Sí,62.90889734459866,97.4526853766816,15703
264.0,Masculino,Baloncesto,22.898549264628244,21.54977565704427,80.49042864243286,3915.216298606191,Principiante,-0.6025423103369304,No,59.71428197269728,77.4427851975316,118119
408.0,Femenino,Tenis,23.43270502246945,15.518246469757337,88.77771287357866,2539.1921278845416,Intermedio,8.002239949978016,No,56.79192388315906,90.16641593588275,35653
312.0,Masculino,Natación,19.31820377426965,16.44030254232826,74.51056130367617,4182.698403830736,Profesional,5.302049020073113,No,55.612833294760144,99.66531101861392,146615
204.0,Femenino,Natación,20.060208323051626,21.943209428816257,48.78233421682957,2700.712798610949,Intermedio,14.595863340397614,Sí,58.86733669378465,68.46401704046835,167927
360.0,Masculino,Natación,19.208999851078804,21.46772650911509,77.77872951224924,4070.021604544447,Profesional,7.062743483317453,No,71.94817277386541,100.04833177880292,26845
252.0,Masculino,Natación,26.05476705082476,27.21512132403741,60.99969445212725,3309.53085620653,Intermedio,18.64744555656301,No,77.55178611475039,55.22457755183439,176391
468.0,Masculino,Natación,23.17124211016816,31.065244740858287,81.96204704000927,2604.996030151394,Principiante,6.639881527011956,No,43.65103047584658,75.14994278259329,51320
432.0,Masculino,Atletismo,20.09635825720956,32.23729648083359,79.36228166502485,2855.6886614571745,Intermedio,9.583607914206224,No,71.8727735941699,100.16145765379852,203317
360.0,F,Natación,19.395756779194,16.65817045716787,68.54527491197261,3874.0621773478174,Avanzado,22.35541843240395,Sí,87.39925757391286,84.50518263337645,172712
300.0,Masculino,Tenis,20.24600889729401,33.46037373143581,65.17739030887842,2621.606947113787,Intermedio,13.652317385061814,No,54.017405450057616,59.199680535945085,209500
480.0,Femenino,Tenis,22.38861186931487,27.562830376329966,45.96477002447372,3681.62253513076,Intermedio,18.11522628377144,No,41.91788755237518,83.68401308170274,57023
432.0,Masculino,Atletismo,23.540449294918467,17.984190594422884,70.62368186123699,3258.124394209445,Avanzado,15.695329071368509,Sí,82.65119299836971,88.9769097014389,183503
252.0,Femenino,Tenis,22.9101014806674,27.079657186036297,68.01016706950213,2391.508102824103,Intermedio,21.49458425369489,Sí,63.18843188301146,98.74778227177396,243814
240.0,Femenino,Ciclismo,21.94769389388702,18.56020401229937,56.15193761643637,2843.43953546567,Principiante,24.08740739949889,No,49.208842993426806,91.6430804484244,111777
300.0,Femenino,Fútbol americano,25.9717234575998,13.3759027603394,80.58291910611052,4455.404439950711,Profesional,4.480649416814695,Sí,56.98245092920825,100.45069745023044,176650
312.0,Masculino,Tenis,23.22682894660576,16.47957911046794,61.63564973168605,2414.5426025857,Avanzado,18.823108795055774,Sí,64.47458613147803,98.60252116711288,84735
468.0,Masculino,Tenis,22.24463762590744,20.415408269736663,85.1951185423621,2929.5761807632853,Intermedio,23.191385157655848,Sí,69.43211902010366,83.126221380901,221920
444.0,Masculino,Baloncesto,22.20937776801134,8.109694989956742,71.11353491902429,3000.135944843892,Principiante,7.776152074627117,Sí,56.72732435770684,74.10770638824071,56747
276.0,Masculino,Natación,25.16094029235373,29.83351392671276,102.7412062567866,6952.002748523873,Profesional,6.679159148758984,Sí,40.08772360421755,83.28138476761085,46396
300.0,Masculino,Ciclismo,22.08737677023192,32.65780332418168,85.83715580467235,2165.776718055783,Intermedio,7.382297215466236,No,57.697691475269366,92.41310488557907,242432
300.0,Femenino,Fútbol americano,25.900876790698785,27.77305043940849,50.71299847829181,3693.248245758122,Principiante,20.20696674863365,Sí,50.14154582963295,59.51194864219513,44260
216.0,Femenino,Fútbol americano,21.10567997567363,22.16408301231425,77.19044424506905,2523.836246309824,Principiante,4.703200179603631,Sí,64.2857476150922,73.07516942379236,91655
492.0,Femenino,Atletismo,23.474178896327896,22.448935094164003,61.79762458117771,2629.2963822738925,Avanzado,2.299231411822608,No,54.85626151262394,93.51627175137602,39325
240.0,Masculino,Fútbol americano,27.80624807836769,33.41973747593209,55.99637755155387,3170.5104614354827,Intermedio,,Sí,82.14245135310351,75.69193051124303,163121
372.0,,Fútbol americano,28.1250316739383,8.754489151111528,61.04600130310999,2900.8295376461697,Avanzado,20.09933394608533,Sí,74.33820096953718,99.7430838648574,117450
192.0,Femenino,Tenis,18.91272342083689,28.125286676248,65.22584484586416,3291.465878918164,Profesional,15.742459907450757,Sí,72.3310469519966,95.01822744560786,127875
432.0,Masculino,Fútbol americano,25.183460911923973,33.83953143373528,80.45237563496636,3561.273068668184,Avanzado,21.53265193451428,Sí,64.08324926589621,81.2134937632869,123186
336.0,,,17.366696573647808,7.958715439407843,51.26854350802811,2862.097217518916,Intermedio,22.067444226247204,No,60.83964937418608,78.75008093161664,28764
384.0,Femenino,Baloncesto,20.420499126575777,24.120208680795148,54.45104939483741,4041.182136900767,Intermedio,16.24454957977963,Sí,50.80308256018614,90.76492493161638,199401
252.0,Femenino,Ciclismo,18.39816317887587,16.698350996480457,51.08300643435291,4117.275253378453,Principiante,12.71140411540972,No,85.79852719925975,99.8859877036626,67784
204.0,Masculino,Ciclismo,24.259539012540152,14.897930932206242,51.74534131713786,2202.96509485248,Intermedio,5.104210308241969,No,65.8026788959308,85.29339051816814,71161
348.0,Masculino,Tenis,17.80577680262937,22.50367579600804,48.72972615556733,1958.5121120571905,Avanzado,22.992557550934205,No,56.50986788704417,91.43337755572026,155110
384.0,M,Tenis,22.10085396004845,26.96737452838388,75.27662120744758,3841.9059327525792,Principiante,-0.3875996019370433,Sí,55.98791762329706,100.69774920188485,170227
204.0,Masculino,Fútbol americano,27.09082228993825,27.50348536492888,77.37705431021793,2620.423208607865,Intermedio,0.6233313075827738,No,54.77925016594909,87.39670064464407,30646
252.0,Femenino,Tenis,17.839214840186884,14.476426192658243,79.5562276171582,2337.278155544821,Intermedio,12.034270446285609,No,86.67111351522911,87.28817891363202,234457
432.0,Masculino,Atletismo,16.69801132740585,8.489472363302124,54.610596992362105,2118.945021868817,Profesional,14.721235903652271,Sí,85.90579229028863,64.19200185322545,228548
276.0,Masculino,Fútbol americano,20.79645902841245,32.85865171334183,82.37219634931849,3608.4322172205952,Intermedio,21.52389583182671,No,85.7871935231195,86.63418157796191,83115
276.0,Masculino,Natación,26.96326528845764,8.013330071567689,59.92703283923682,3009.704680139834,Avanzado,8.978004199460564,No,93.28336839043402,98.34376105201684,95809
240.0,Masculino,Ciclismo,18.18611944048508,24.718790857970355,66.5062137652328,1941.0114662181784,Intermedio,16.224637483717498,No,71.18245764322528,92.6433897305845,179040
348.0,Masculino,Fútbol americano,17.523001841191224,33.05966415895658,63.69336722625272,2552.2546300323243,Principiante,,Sí,72.28281036235767,98.8405011123952,17093
456.0,Femenino,Atletismo,19.54898331239486,6.048013150740364,75.43215422305406,3726.998336923833,Avanzado,8.071788856107986,Sí,45.87048255463637,77.53876358211578,137278
216.0,Masculino,Atletismo,25.119634475009896,5.011416528394524,77.6298890846476,3316.30998908506,Avanzado,22.21474876111222,No,58.77383091192653,79.02539712749319,228232
336.0,Masculino,Atletismo,24.49966291225964,26.1322718335346,89.103804144122,3539.2695380285045,Intermedio,22.299413704424754,Sí,71.00131131962966,66.79867797207838,61344
456.0,Masculino,Atletismo,25.43321516051273,27.502255354728653,63.84761238979881,2837.193636622892,Profesional,10.286050822799906,Sí,70.80841327249527,100.60224202746026,228877
288.0,Masculino,Baloncesto,19.81082754948592,13.928864578146833,46.43410200251304,2552.111944881608,Avanzado,23.35057359373757,No,56.05893688896349,87.37024086829375,115708
480.0,Masculino,Tenis,23.86725355696994,13.949643195181244,78.33625981788947,2413.6387693232423,Profesional,17.971827266802794,No,57.40305863086079,100.07244174587984,159874
456.0,Masculino,Atletismo,22.622903735776024,33.96856018332409,58.35207967157425,3988.535876364476,Profesional,22.83173340715492,No,,99.83398438804647,98314
324.0,,Baloncesto,23.70060374979522,13.378241227221997,45.82022503925226,2154.306528318779,Profesional,18.587113973470984,No,100.1155571406198,84.85520143712779,107924
420.0,Masculino,Ciclismo,29.16275006201821,29.547874504372583,80.37503930046998,4304.465160301947,Principiante,4.623368013596375,Sí,62.86887985028253,74.02925323015398,16996
348.0,Masculino,Atletismo,16.219851982703485,21.94592960326788,55.667338356732905,2707.04233907078,Intermedio,9.872714756813126,No,67.51321413874176,79.74863542552467,31082
240.0,Femenino,Ciclismo,21.185224209373622,18.00346395297946,45.925068051479286,3497.563014938716,Profesional,22.68664432643964,Sí,45.61829676569598,96.2637055113452,108552
336.0,M,Fútbol americano,21.68793358044408,5.777897498820738,79.129078857658,1969.1746546767213,Avanzado,9.225008606576822,Sí,66.93754883656462,100.6068717719089,182902
228.0,Femenino,Ciclismo,20.930867097128168,8.371440336429604,71.18850282948992,2496.1423242361348,Intermedio,15.119504433744538,Sí,58.75530955140356,74.74186987964669,29748
396.0,Femenino,Fútbol americano,24.5739714568026,20.103044808164864,60.882601246244434,2625.304577448629,Avanzado,0.3596518917505941,No,59.584093442227896,87.0058203136702,46729
456.0,Masculino,Fútbol americano,25.012129689132166,13.659304668165916,81.23865161316577,3388.9468735380624,Intermedio,18.59290783473666,No,75.50217571578567,64.30389434864549,30915
444.0,Masculino,Baloncesto,27.274021112858847,10.671824896719183,83.52737590954715,2988.0213799802027,Avanzado,19.61160006966006,No,65.2043169766652,72.61826789858726,223281
276.0,Masculino,Ciclismo,18.84336213821191,32.73457143204571,49.79616827481909,3159.7075034169243,Intermedio,4.6210563886785145,No,90.94549743555054,71.58027424766586,150247
396.0,Femenino,Ciclismo,21.09643619383656,7.909791256189464,86.20827580754931,3583.4325654698623,Intermedio,18.02234096306537,Sí,52.51277496067628,68.85395004692872,205317
192.0,Femenino,Tenis,24.26331927548158,20.42398708411198,55.33473118495466,4335.472587744029,Principiante,12.728731104644368,Sí,61.322728495477385,87.78022467809083,201112
444.0,Masculino,Atletismo,27.077421107551856,8.200483203607257,50.97377420930804,3103.4532695353714,Principiante,9.12784228149635,Sí,27.925943098878367,67.71503480567867,130593
372.0,Masculino,Atletismo,20.356874493589395,7.249603647789945,56.721471744088106,3793.905409141175,Principiante,4.621988454926381,No,69.8522128092921,74.24639519882402,123164
420.0,Masculino,Ciclismo,19.925529906830807,16.494099867344644,49.30936983530636,2747.433282558582,Profesional,13.299540835735762,Sí,55.719033520447056,100.0345117657558,48505
312.0,Masculino,Atletismo,16.773796484046716,34.25801684423609,45.3772592571813,3255.956238246128,Intermedio,9.650054016313344,Sí,58.32785693301065,84.43151818439866,207141
480.0,Masculino,Tenis,26.150589724811223,12.305404492893592,60.958473369722775,3338.344570688007,Avanzado,14.842653449940611,Sí,86.13549388682053,97.18660016041484,59852
240.0,Masculino,Tenis,22.667268458874645,13.140723018959472,44.97760014607355,4274.872693887113,Intermedio,8.367161194626421,Sí,84.36943617193204,85.26426022556602,152379
324.0,Femenino,Ciclismo,24.89770703754461,30.91667552320752,63.89460164971863,3386.394431127353,,5.733075295677101,Sí,78.43568336167019,91.91185591404916,48815
396.0,Masculino,Baloncesto,26.43324948112056,29.405239553311468,72.63477682769259,3869.40766559088,Intermedio,20.069039035057973,No,39.21985523254119,72.76021975472698,10006
396.0,Masculino,Fútbol americano,26.37878030950701,19.46102127392937,67.26586467700766,3243.756293806768,Avanzado,5.220188751262287,No,62.877363138878266,84.60148432738795,181043
396.0,Masculino,Fútbol americano,28.82588055715588,4.381193394013009,75.96370040252194,1882.167338470736,Intermedio,1.795116388059424,No,59.41169151032644,61.7782121562752,124726
360.0,Masculino,Fútbol americano,25.78052164936309,29.425559934904104,53.34545551516746,2591.013981776517,Intermedio,22.141734821019178,Sí,82.37244946763074,83.76763783215088,11301
240.0,Femenino,Natación,22.14093157481957,7.129047040699035,53.2613378548946,3614.588122115144,Intermedio,9.960257170358243,No,66.73436076684152,77.83532291474239,192431
384.0,Masculino,Baloncesto,21.444252616816133,9.728145280259548,72.10324107669861,2025.932805171256,Intermedio,1.0866494451294908,Sí,40.47574853037784,87.14850017852636,147508
264.0,Masculino,Ciclismo,29.46989332126479,22.5013477533388,81.14936624826564,3031.655206490618,Avanzado,12.639567486318366,No,78.14566771029695,85.46307939011875,30439
312.0,Masculino,Atletismo,23.60361313662856,18.520335576270536,51.2765320542138,3333.952836128148,Avanzado,6.444773522738793,Sí,63.55407930085517,75.53386122924492,136872
396.0,Femenino,Atletismo,25.27983913330068,18.712839723784665,74.24612510644681,2856.75041003512,Avanzado,,Sí,65.61647591340895,86.52986228908767,86663
360.0,Femenino,Baloncesto,29.04085129202381,24.26685765720708,49.400131959479005,2294.9169529252613,Intermedio,0.795857770075263,Sí,77.35477382739329,65.26448519449985,22654
240.0,Masculino,Fútbol americano,23.14494267728133,22.11843650770076,78.09986920483912,1817.2784701256364,Intermedio,16.510958395166607,No,63.26179012586665,75.64395298308992,76731
348.0,Masculino,Tenis,18.889284192787976,33.20169777756831,65.88199752102652,3732.6075899738817,Avanzado,15.070137993454674,No,52.15547228879355,89.33582348087023,34602
204.0,Masculino,Fútbol americano,18.970504075829368,21.38351558928317,60.243686032609766,3547.41589795712,Avanzado,14.924282530037342,Sí,76.06084797346446,98.06418360699504,43438
288.0,Masculino,Natación,24.8881253971907,17.71206948337597,62.41585750248952,1838.2469556573087,Avanzado,13.66314004167377,Sí,75.54492290483029,81.78670090789363,179751
252.0,Femenino,Baloncesto,18.13496486006338,17.20801983814127,79.70320391112094,3366.848501589229,Intermedio,21.33142141471645,Sí,63.49332915733776,94.1026236910323,220065
456.0,Femenino,Tenis,22.402321542790347,7.455932617920713,73.1743349285946,3487.304511920024,Principiante,21.07006439077372,Sí,55.23430588549521,84.00539329280693,5517
192.0,Masculino,Tenis,21.50597036116549,21.439188823866186,65.76626667719289,3296.135348579552,Avanzado,20.6337882777959,Sí,52.33458496710276,90.92372896856952,115340
252.0,Femenino,Ciclismo,22.09960379337643,32.4325591149768,45.31702324964558,3154.6887340815115,Avanzado,11.028963589445596,,56.2374718623561,96.46920769707587,24689
276.0,Femenino,Tenis,16.012720735866896,16.215491341814317,66.40925472082962,1938.4347767506365,Principiante,5.631365050415424,No,60.87611711453177,88.77960294892505,56933
216.0,Femenino,,24.85031406209058,30.959102060088245,54.03308405744859,3545.6091836966666,Principiante,9.164648784981996,Sí,59.57356099407357,62.45381470987641,237388
456.0,Masculino,Baloncesto,26.067116605169137,15.582360547347628,52.098616910448335,2129.3623840720943,Intermedio,4.593378088154254,Sí,80.21194156727152,75.85353594798826,233673
396.0,Masculino,Atletismo,23.699683728513744,29.22813407623606,46.08701396392544,4427.053933695606,Avanzado,-0.4567786178299564,No,51.040699942513626,88.69077795792907,36154
204.0,Femenino,Atletismo,25.85627174296696,18.63517712992584,45.52396527322816,2829.2546466297104,Intermedio,17.231474427972717,Sí,49.56473668964229,99.40243786483371,213088
,Femenino,Natación,23.732352283600573,17.83213961547891,80.29200965345139,3459.0644344433936,Profesional,8.074589700467438,Sí,45.88494537912575,84.01596654135216,132609
480.0,Masculino,Natación,23.097302508268346,5.905705835032325,48.473405426160845,2114.6539022840743,Avanzado,18.19454704259767,No,57.01036929140285,86.93455507486937,28554
276.0,Femenino,Baloncesto,28.93874762189852,21.34355894529629,47.80425897348738,3163.9198763354907,Intermedio,10.972430166903973,Sí,63.85027718899534,84.56334428185966,172505
468.0,Femenino,Ciclismo,21.35989369538807,17.2679292014274,51.2006547934567,2141.627423578905,Principiante,20.06464815823588,Sí,61.98131296776983,74.99902854825115,145930
468.0,Femenino,Ciclismo,24.77436052000796,32.47580816229722,81.32375892586334,3176.8025716048287,Intermedio,0.7290235923586703,Sí,46.9014858069234,100.9338167563364,209942
372.0,Femenino,Atletismo,22.94251905761587,24.570911523853017,46.08857340025518,2129.73996501384,Avanzado,17.46276264518299,,69.65674969812345,99.9053789429918,49266
192.0,Femenino,Ciclismo,22.622780947720404,6.152896307597791,62.63291904658511,3794.4205383622098,Principiante,4.028615857441715,Sí,77.66886024356566,60.1979021396976,205153
384.0,Masculino,Baloncesto,22.34892606872756,27.4226752922153,72.67272530049199,3892.083954975456,Intermedio,-0.1668518697208284,Sí,68.71445784205098,71.3358174473496,85380
192.0,F,Fútbol americano,21.81627572141889,28.91565017666965,55.724934687450144,2210.3794980522425,Avanzado,17.32474649591532,Sí,50.28903872394073,99.94149748134508,71784
444.0,Masculino,Tenis,25.746856669302502,34.33173015625142,74.43810469686285,3187.2093239418764,Principiante,11.75751623330586,Sí,57.79892204220722,65.27919192062244,69603
336.0,Masculino,Natación,25.59626807513072,28.154208746395227,48.87556451396145,2722.1471485664365,Profesional,11.290517546715412,Sí,81.07251859236301,98.60134131015492,243864
384.0,Masculino,Ciclismo,22.75624809829933,34.090605666884855,75.58953988350714,2563.9834232191693,Principiante,10.739261943617016,Sí,68.84229904046246,65.8415043784516,3851
468.0,M,Baloncesto,27.481454260400863,12.09616334866087,75.57153680011815,3093.081489898528,Principiante,4.702877361226041,Sí,73.15108637822449,69.5802417185967,176308
348.0,Masculino,Ciclismo,20.90390838868264,22.36251040671001,60.2226800899137,2501.604900829639,Avanzado,8.423832756513475,No,66.2927436858987,90.0863229140062,4477
384.0,Femenino,Baloncesto,25.880353451450663,12.83623650759997,66.47923219758952,3198.6106506157857,Avanzado,20.03368882005465,Sí,70.32714193900914,78.7257705047934,176988
456.0,Masculino,Baloncesto,29.239294336505736,8.542957643324986,72.56458193631161,3356.266983564366,Avanzado,15.828094052966968,No,78.86858563202692,72.63635330374088,113089
216.0,Masculino,Tenis,28.082388464478225,32.76885660744815,58.07586338900858,2827.717496741197,Profesional,12.141908761099115,Sí,39.25209663762224,81.43065618510165,117085
252.0,Masculino,Baloncesto,22.02330162948987,13.04500408377101,48.01037864757228,2847.2068353937,Principiante,14.986211925798743,Sí,33.9459727676786,86.89593140170868,161929
216.0,Femenino,Natación,25.822853929852467,23.47093970832812,54.08131422854157,3552.41537538525,Principiante,18.07364969960765,Sí,71.4883383354675,67.42673867364913,33391
360.0,Masculino,Natación,23.912612892578107,7.634404370514685,51.91512791985336,3618.766892446727,Avanzado,-0.1315347472298877,Sí,79.87622302515942,91.52891222974584,198729
444.0,Masculino,Baloncesto,16.601687130746125,33.96950945905208,55.85825856011112,3033.667484324444,Intermedio,0.630290195297143,Sí,83.39554675560862,100.56998848740892,173473
264.0,Femenino,Ciclismo,29.56044703208256,17.75196929916581,60.73457552790386,3145.405377195104,Principiante,18.57392527400001,Sí,54.176315328318495,72.07233033910994,121060
480.0,Masculino,Baloncesto,24.21369017862309,16.237153069368606,62.78999268303762,3264.290064475758,Intermedio,2.4616734448414963,Sí,74.10440610414142,98.86910248901349,233952
288.0,Masculino,Atletismo,23.3193620877348,5.038421013498514,71.63189131285161,3168.6371459076545,Avanzado,8.915390425406338,Sí,42.5694052608697,95.61016336682506,64765
204.0,Masculino,Fútbol americano,22.10110990657196,21.964590191457475,70.32939396315558,1821.2148701870765,Avanzado,23.47946134934747,Sí,66.678022540657,98.5731052714911,243651
252.0,Femenino,Fútbol americano,25.740086923459177,7.595198855723436,61.98660192417681,2972.6627875447803,Avanzado,11.268360643087217,Sí,50.70497987739919,70.12165253309979,42633
312.0,Femenino,Tenis,18.45108636681913,21.36829443479241,69.82059611239721,3453.1183230375364,Intermedio,10.795046668866094,Sí,58.25900110935663,84.46349157277137,192471
324.0,Masculino,Ciclismo,22.75463033424464,29.877831523554363,78.57341195495906,3876.81959094645,Intermedio,22.83369929360034,Sí,38.37628737408074,82.42658050965572,178380
396.0,Masculino,Ciclismo,18.339773949212766,7.451626053019609,75.93076855713025,3795.157985133752,Intermedio,21.34315173872401,No,72.70774178055314,91.67085692979428,247975
360.0,Femenino,Natación,21.533052304338884,10.221197561733632,86.58385832485521,4201.568149123471,Principiante,-0.2460828915599809,No,55.029869503818944,76.62351452335858,46088
192.0,Femenino,Tenis,22.15776414420988,25.650891058169403,86.01205354789722,2315.47542734142,Avanzado,5.770922680476307,Sí,77.51866306034955,100.18094586404423,166420
288.0,Masculino,Ciclismo,19.177766099014185,8.65151386713211,82.75363761243966,2443.357198506672,Principiante,21.41336469383308,Sí,66.95297376164503,64.41909777535615,73981
432.0,Masculino,Natación,27.043487096590564,5.196794455568001,74.42304327387005,4240.853468593968,Intermedio,20.75612561480142,Sí,88.46813060647268,76.5000323308212,123432
360.0,M,Natación,21.45046457531997,18.470967327659807,75.06780471051057,2777.548890889182,Intermedio,8.612426508377885,No,72.4131468985473,91.379958168184,195646
420.0,Femenino,Natación,23.21510322343514,29.258096701089016,54.8296013708088,4193.598041416919,Avanzado,21.964453884004225,Sí,53.75075422205513,71.58170013425948,40797
204.0,Masculino,Atletismo,22.650209291341525,5.005092489118805,87.27049197963342,2803.6657004018343,Avanzado,3.814191024603449,No,49.65201386517634,92.85737429924444,100072
216.0,F,Ciclismo,19.51451381547293,,71.23563243322069,2394.1612323929044,Avanzado,-0.376889907152266,No,83.28816691766538,85.45385735032606,75334
336.0,Masculino,Atletismo,20.63784671052569,23.454851630278576,60.16403217698197,2821.7838883956533,Intermedio,19.85792484489869,Sí,77.0626641893856,82.80307139010901,87602
288.0,Femenino,Tenis,,18.312375072744345,63.4215352326719,2778.346956757967,Principiante,0.5195285799630656,Sí,55.55546439587236,88.49861165706372,220296
192.0,Femenino,Baloncesto,21.12438003789816,32.23881028896153,55.57944893473264,4256.66106148042,Avanzado,3.617398543862618,No,63.98569704035461,94.56814799133927,2473
480.0,Masculino,Baloncesto,24.74097831547973,30.09022650192557,67.62474701477525,3098.620316738601,Avanzado,,Sí,79.07581575412607,89.46569796265868,708
384.0,Masculino,Ciclismo,,14.174291197058356,52.38441169973287,2325.4076881561764,Intermedio,20.710914852395444,Sí,81.28244892423601,100.47109584524505,27806
372.0,Masculino,Natación,24.65057029288051,8.725144313622987,56.54182398218721,4271.624218535867,Intermedio,14.760257122048738,No,42.21513733655566,47.01726889754739,108558
252.0,Femenino,Ciclismo,24.50794363855369,18.609042638458376,70.79240846651007,3098.2778299927427,Avanzado,2.144051457742125,Sí,63.995341681499774,95.71916650363472,60046
360.0,Masculino,Natación,27.91237961445733,24.39385720478264,78.3329352018991,4285.477951768495,Avanzado,15.778403599476588,No,58.23393762076351,89.20137824623534,25846
288.0,Masculino,Ciclismo,28.655564130223343,31.027663875725107,62.23502899308292,3067.958979586941,Intermedio,3.5609841686182246,No,60.91964571480329,86.09255487228583,38613
432.0,Femenino,Natación,24.66304272384528,7.240067057865237,45.04681352412963,2396.4249914724774,Principiante,23.18549025992571,Sí,59.11740507003526,75.83408739037587,82507
432.0,M,Ciclismo,22.08892862482785,16.97522144083281,70.05929536796805,3006.775397286297,,17.981551863530925,Sí,47.63672216408068,75.81108609469887,190073
276.0,Masculino,Baloncesto,21.302032091396768,26.246488019544643,66.93609845813494,2573.1362084369,Avanzado,8.899743483308322,Sí,70.42706628473664,75.040020996776,23385
216.0,Femenino,Tenis,23.530541081441328,18.062338629637782,73.60528384305869,2628.614698014788,Avanzado,3.393866818348464,No,70.4715271321606,97.5432167352342,222797
456.0,Masculino,Fútbol americano,23.27408917308218,18.85917234475434,78.19542585531914,1833.094830603364,Intermedio,21.44955805074175,No,69.14439266319185,83.7280978005256,48051
432.0,Masculino,Baloncesto,28.202728645307136,17.06884170923847,56.57658004674591,3834.3801290861,Intermedio,14.547646441848563,Sí,29.22378488954459,83.23575924949378,111819
480.0,Masculino,Natación,22.430106051520383,23.61525684639656,79.19442303326649,2000.6998678923424,Avanzado,15.368959831902725,No,58.01451379871551,76.44293478227496,242611
240.0,Masculino,Natación,24.85900878381978,33.29630355573605,51.12925115091839,3802.389567273184,Principiante,3.4353059662268124,Sí,60.830506187723024,72.402983154005,104308
480.0,Masculino,Natación,19.72980595253569,30.10163805390766,,2972.52363789024,Principiante,15.491422935686762,Sí,57.852180289689805,62.13980893583302,169715
216.0,Masculino,,23.219101393548424,15.753993265053191,74.76666536472422,3466.211602000209,Avanzado,11.747866997291494,Sí,58.14401258348341,100.11726319463656,31071
396.0,Femenino,Ciclismo,21.08454226681663,6.725914636956859,81.56977063963292,2049.063596394398,Intermedio,22.711252920861643,No,70.68521990654565,70.9078478558553,180516
372.0,Masculino,Fútbol americano,22.70724097667687,30.12203784658108,64.09297307635357,3594.4071905647525,Intermedio,17.805238144060166,Sí,100.00712021329204,61.25297095742306,141916
480.0,M,Fútbol americano,23.39140087033932,8.886147752343147,56.56147465853957,3872.7484706699056,Avanzado,11.25104334855482,Sí,48.59905239195599,90.73169684147793,65157
408.0,Femenino,Atletismo,34.98113187249356,28.705090018448328,46.99932049689563,2750.530687488257,Avanzado,21.593026446566,No,95.3259313485934,65.07107061709003,93656
312.0,,Tenis,21.881398558864635,,49.45669422002855,4013.686328557792,Intermedio,0.9310523622215636,Sí,78.24657108527411,100.31864577301508,68940
444.0,Femenino,Natación,25.10308777391811,5.871379019697215,59.34634632322831,2109.557486841245,Profesional,22.172231160648124,No,19.05969468466884,95.51149789782652,37145
180.0,Masculino,Baloncesto,19.402340306254743,30.248947458476525,77.01840076415002,1984.0719650488195,Profesional,1.9951670884685424,Sí,62.13077299793502,91.41587908513974,223326
240.0,Femenino,Atletismo,21.644476238571745,26.840694598442685,63.07339676902489,2662.455966848296,Intermedio,16.863094306407866,Sí,55.10767347055916,80.18611326458478,182754
252.0,Masculino,Baloncesto,26.02683218663937,32.338630395898214,56.76185879864708,2793.172625767428,Principiante,2.237766909270448,No,51.73095015136621,69.68648794854327,48710
420.0,Femenino,Ciclismo,24.01090121075184,17.32755782888704,,2563.2496835949823,Principiante,8.114977454451058,No,74.37215911892594,65.27199741978792,245433
480.0,M,Atletismo,25.00757740715777,15.04505154383884,71.6654187328087,3894.961014318616,Avanzado,2.395613623516955,No,52.9278478235453,99.03989050036104,200374
336.0,Femenino,Natación,19.136879215807404,10.479828672173062,75.93754630605959,3227.380844973877,Intermedio,13.33786450197269,Sí,49.79047533946355,100.67637648487282,53600
264.0,Masculino,Natación,29.102179145411657,24.65431258236864,49.95782446260362,3812.849580707729,Intermedio,20.089070497367548,Sí,47.72352884132872,74.05836086701248,88233
252.0,Femenino,Ciclismo,18.908847557403348,21.920542687952764,87.330229306759,2371.5359103700707,Principiante,12.691524643204836,Sí,69.57536746245675,72.51979623991284,218438
480.0,Masculino,Fútbol americano,27.449509295381866,17.93533381101386,60.447310216305496,3060.8829159311663,Principiante,9.762446040457434,No,58.315325944077166,81.66603266698534,49547
324.0,Masculino,Ciclismo,23.093668311129854,17.578968317890197,66.14231545856146,3227.6288551310263,Intermedio,16.89469820039268,Sí,63.48993577791586,86.25185483250108,165702
456.0,Masculino,Atletismo,21.06539457217868,21.21391923042347,78.52353873874712,3894.063032129845,Avanzado,22.24655281674348,Sí,64.43565889227649,94.41393338557025,132428
312.0,Masculino,Ciclismo,22.2702126088664,15.94819945034141,64.16185976362289,1914.776643959829,Avanzado,8.157583148511064,Sí,72.7342095570507,100.02137120768992,49793
204.0,Femenino,Ciclismo,19.11381553027492,31.368594309185504,54.97081486764375,3281.987523936385,Avanzado,2.5701750211223406,No,71.96775899289031,87.020515589479,43825
276.0,Femenino,Tenis,20.1491704179308,17.26962723172686,47.8759425100096,3174.3026504085046,Profesional,9.174621470055907,No,46.17957636184456,80.73706812548218,112622
444.0,Femenino,Atletismo,24.269077410453804,8.852045038051964,81.85004614872739,3106.4034143683034,Intermedio,19.521741198240512,Sí,62.47493087041656,83.07936643810504,178534
396.0,Femenino,Natación,27.80536416229257,25.121032032862285,64.43162194872674,3401.712548194135,Intermedio,23.778381208858047,No,85.70877688649543,73.78533581375977,224172
228.0,Masculino,Tenis,22.029105457764672,32.4976126324287,80.5852701175126,1784.222189585189,Avanzado,17.880147884508446,No,72.82455350376766,65.33981926610748,157866
288.0,Femenino,,22.65798462365576,9.418280275910186,68.17459452909434,4389.966645693128,Avanzado,13.81719256258379,Sí,62.280430388590446,89.0276445188735,196656
408.0,Femenino,Natación,26.6983750826225,20.868728287905327,75.90880734833479,4474.862441700588,Profesional,15.763267681963526,No,59.30625116462516,75.31685303640131,172640
192.0,Masculino,Baloncesto,24.43261972372021,11.180341438034006,69.98645549913499,2054.5705287536834,Intermedio,20.109006086444783,Sí,52.30404454870042,76.04040663852183,163368
312.0,Femenino,Ciclismo,19.38939529971076,5.201821319523613,53.971279422969744,3271.096880075666,Intermedio,3.074907388471775,No,62.06306827920819,52.51841204576589,143793
264.0,Femenino,Natación,24.102288002056,31.95015493048888,69.39502632229059,3225.6325458249926,Principiante,0.5200374003472809,No,53.89978107078681,94.41410394831816,123914
312.0,Masculino,Fútbol americano,20.20276054089493,33.00089526343485,44.92810589465092,3099.994815358771,Avanzado,13.489417564982125,Sí,60.43386441088227,99.94831988110934,230712
324.0,Masculino,,23.83958171597184,19.25687619011453,53.78826131284135,4327.053232476015,Intermedio,18.93870339730137,Sí,54.14141537596373,54.14678927297798,235847
240.0,Masculino,Baloncesto,24.35738699887749,20.70160771851897,85.82841879720078,3254.087290209231,Intermedio,14.749207007638518,Sí,57.05960326947681,99.85480874503632,84994
288.0,Masculino,Fútbol americano,24.486810568135542,27.79595575486613,69.0920422559266,2577.90575213529,Intermedio,20.9862966636803,No,55.14983276905754,96.4248554312994,28926
468.0,Masculino,Fútbol americano,18.857048413915724,23.64460620566284,,3876.173871956026,Intermedio,1.7747604821368554,No,72.19754966805915,99.69552865319343,78485
252.0,Masculino,Ciclismo,20.52646548612289,15.508574683135254,88.00971176525103,2416.867271667892,Avanzado,5.652364217594037,Sí,57.19669789338392,94.37403363612856,40277
456.0,Masculino,Atletismo,21.004854074505392,5.860598151262053,73.07370338437963,3684.3613678103247,Principiante,24.310876217384983,Sí,68.88308809150446,89.61603834462834,49894
444.0,Femenino,Fútbol americano,27.846682847123883,28.86597217388774,76.76381326557286,4173.205421720657,Avanzado,23.687049372586426,Sí,59.488915263879385,89.57815130732884,37273
216.0,Masculino,Fútbol americano,18.838534399298524,28.88508334639277,55.395041002284245,4031.3918417371447,Avanzado,24.1800787151576,Sí,44.20235961890116,92.29346534697548,217255
444.0,Masculino,Ciclismo,22.678957113946343,9.744899210381138,60.47915822569611,1940.6300417115729,Intermedio,5.662427533088977,,64.24827114729582,99.78398960708464,96838
216.0,Masculino,Atletismo,28.42723553156804,9.575200528195197,68.55149836756455,3822.6446409736486,Intermedio,7.071790208818217,Sí,80.13934557206507,99.99556932573596,22211
360.0,Masculino,Natación,25.10333421893438,16.853905496364213,76.62206457910729,2875.955778033,Principiante,2.086885293455803,No,42.68699793327658,84.25427850929296,235205
432.0,Femenino,Ciclismo,19.114257698625245,22.158980776590468,56.07494198500433,3289.0263425152766,Principiante,1.039530705857194,Sí,50.244798551913846,66.55882526208246,218922
324.0,Femenino,Ciclismo,26.95162018661858,22.25979877507925,87.96911572185748,3002.349197556949,Avanzado,12.41314049909416,No,52.08430277292068,90.20634828524427,142525
264.0,Femenino,Natación,24.396859549549625,31.38902032408981,47.17263849608071,2910.424776818687,Intermedio,10.6460303004249,Sí,55.678558424840105,75.12315818777061,34934
276.0,Masculino,Ciclismo,20.322031474575176,5.128886290586719,75.24040553311268,1938.967552835868,Intermedio,20.441433659146725,Sí,56.58815185492268,77.52964001319316,126063
372.0,Masculino,Atletismo,28.18255830450313,34.27079854012417,81.09548066915526,2240.8373520550035,Intermedio,20.06796416489502,Sí,67.96407144980999,78.91497449298656,40807
312.0,Masculino,Fútbol americano,24.97526519956449,18.879436026276228,56.90274126336759,4368.648580843306,Avanzado,14.247857704889848,Sí,88.05363118689934,79.90700130317035,31136
348.0,Femenino,Tenis,29.496536152140887,5.182887382254068,76.45209567947937,3961.048855187953,Avanzado,17.913773582093665,Sí,60.63204150814581,97.35684426383374,186388
216.0,Femenino,Natación,25.02342593730055,31.31189072461421,78.32013704419717,1787.7373648524804,Intermedio,17.391222720458988,Sí,85.32770048957488,64.38345656863515,170491
456.0,Femenino,Ciclismo,25.03711032252091,16.431062008144618,83.02427834658104,2931.6374615832447,Intermedio,22.06484555229408,Sí,77.74467577017963,62.09667413883517,25292
348.0,M,Tenis,20.23586059199756,32.32921360272176,66.07440073174557,4428.767924892921,Avanzado,18.553534120278044,Sí,37.18362018197942,92.19411668297744,174983
348.0,Masculino,Fútbol americano,23.323223683884404,31.72917338118422,80.81909261859735,4135.167011020174,Intermedio,5.932679182970482,No,66.28527107206104,57.82351908481208,115594
300.0,Masculino,Natación,20.85015296763577,9.092991670400368,66.06188378166412,2964.798119746499,Intermedio,23.24455776376952,Sí,70.61588089351922,79.8180285070472,238145
384.0,Femenino,Tenis,24.374972418232684,18.52683670994444,61.05306415829533,2640.6292427943927,Profesional,24.42787146354153,Sí,69.95960412591411,72.98055697048008,55989
228.0,Masculino,Baloncesto,25.66752125931421,25.38630814177767,63.50640777016704,,Intermedio,12.763150429638484,No,53.09300723664108,99.78923454315895,183885
312.0,Masculino,Tenis,15.871889552621854,21.65369768795488,84.70450909313413,3315.246605158148,Intermedio,18.873439652474406,No,49.6971371758538,97.31877366762409,159242
360.0,Femenino,Atletismo,22.96688008092679,21.34341541968613,83.80159416165579,3997.128585672229,Principiante,23.63201339204268,No,58.93180832775124,78.95810555341627,19191
384.0,Masculino,Atletismo,22.561278234315864,12.165572960314565,83.53323996198456,2181.0787024803867,Principiante,13.32604311330077,Sí,61.6965884404366,60.94046976502136,115343
468.0,Femenino,Tenis,21.65423238266447,16.556074501870633,72.2839098014374,4084.451516644349,Avanzado,14.698244365523877,No,58.71849841871971,86.76004138152935,162492
336.0,Masculino,Ciclismo,24.345598233918743,32.156441279355626,74.03996428151572,3995.69541090895,Avanzado,20.28443470784104,Sí,54.4698891274902,93.839104238313,29097
384.0,Masculino,Fútbol americano,26.84424685446534,20.53392522282433,79.67332688737223,2239.8902501102234,Intermedio,13.89921356437999,Sí,60.70860496620515,82.72156197563957,146352
276.0,Masculino,Atletismo,24.020092155968825,34.312291870223575,88.44594881758609,2935.9265525573846,Profesional,7.437404018946382,No,99.13377539034232,100.4639872702236,109741
348.0,Masculino,Tenis,20.29636285538044,29.658933360720493,67.5861476511005,4167.214731557716,Principiante,23.36366477693486,No,70.73277558146661,83.18954669929629,85409
204.0,Masculino,Fútbol americano,22.511149977776096,17.39266731547108,61.465681463148485,4390.988873535556,Avanzado,9.618628659861772,No,88.67652421078397,71.73344424231234,245357
204.0,F,Natación,24.3358274400316,18.679085709968646,74.92632238273845,4018.814517118222,Principiante,23.161625951584668,Sí,78.11500553750663,69.83447129904066,80661
348.0,Masculino,Tenis,23.642139741424444,21.694869866096656,81.12614839774521,3156.8021775788425,Intermedio,20.35006860349969,Sí,51.154156559767415,69.5094579014667,134705
468.0,Femenino,Fútbol americano,21.42999050525697,32.62480348498224,60.42226406321333,3643.767657835603,Intermedio,7.057774615924568,No,60.131477812225405,83.85895761127894,17026
288.0,Masculino,Fútbol americano,24.096069590506044,32.00770978640435,56.828746813789664,3897.36509731646,Intermedio,13.139529549654291,No,32.878158103443674,97.80940607365906,79950
216.0,F,Atletismo,23.27870003913886,28.573667121061494,74.62236864319448,3757.652227193164,Profesional,11.107165372390064,No,59.93516677844011,86.00157375699857,15925
420.0,Femenino,Baloncesto,,21.624254865678072,53.385668678499314,3127.4637663773765,Principiante,10.645786165180326,Sí,68.25711517233925,79.89834550502272,95400
492.0,Masculino,Tenis,21.53256844782168,18.390772044660988,75.98152791594396,3304.982320081801,Avanzado,22.0123705552561,Sí,87.42049654752012,78.69986357952469,16240
420.0,Femenino,Fútbol americano,18.408220075618484,11.90943389631602,48.862707327375865,3917.856554964453,Avanzado,16.362132091073537,Sí,38.39500512105818,75.62102251770222,184547
288.0,Femenino,Atletismo,24.314161535953414,17.20008641071804,81.82608341163379,2969.425419400452,Intermedio,10.771713737666424,Sí,63.70408960900589,93.43455772537008,54896
228.0,Femenino,Baloncesto,27.76955294735239,16.1492794200018,61.672715892331645,3683.951011180997,Avanzado,7.352013985194443,Sí,67.80427203568568,84.14675276286798,149016
432.0,Masculino,Natación,20.48704238134497,20.91505297356677,77.03897453270729,3308.2117634775727,Intermedio,0.3386800255305554,Sí,57.892736233984095,95.67707662476644,132520
264.0,Masculino,Atletismo,18.925458052027658,27.64734130510064,65.45987217656761,2030.5834290618088,Principiante,20.55983041494618,Sí,85.08464854139474,70.22179781319129,31727
348.0,Masculino,Ciclismo,18.88620313950684,8.176845726169402,86.5304924665465,1910.181384426896,Intermedio,19.35415143501736,No,45.0152164851823,85.88272178334847,192026
432.0,Femenino,Tenis,23.16587146106473,20.58507580703074,60.02762320919712,3361.977839039476,Intermedio,16.276611131657255,Sí,68.38690670466019,64.05394702284981,67872
336.0,Masculino,Atletismo,19.993411752694,21.67596664074864,65.42768502147229,2773.736093551043,Avanzado,8.460703708355133,Sí,88.51328147055808,99.02524228012167,61269
216.0,Femenino,Baloncesto,16.024886126753298,4.729017586244981,54.36948168096043,3514.9939976992296,Principiante,1.2725415629722263,No,44.4553433017912,43.90086886852709,160928
324.0,Femenino,Ciclismo,18.78166787393685,23.589472309772635,45.81536120990525,3394.25410956642,Principiante,9.88285846714711,Sí,39.42789781591936,71.3587175126021,59700
408.0,Femenino,Fútbol americano,24.006170763557307,33.34689130186989,60.03282254415922,3472.830422051132,Profesional,22.036590452358272,Sí,50.402106280322414,97.921143667484,234426
372.0,Masculino,Fútbol americano,24.829459337207773,25.21822863043921,61.85303675752149,3277.798709292646,Intermedio,18.40871207597787,No,82.88743859097197,89.16345506486155,235349
360.0,Masculino,Atletismo,26.926890896107288,32.27633003367433,71.50682586902957,2405.3947554567467,Intermedio,2.8490415646392533,No,80.93622199679044,85.08308398279009,221317
252.0,Femenino,Baloncesto,20.70093114491485,15.006437365776424,71.36585475803258,3872.9801374087474,Profesional,0.4836005749991957,Sí,64.8586704429669,93.96337588579844,179049
384.0,Femenino,Baloncesto,16.162903327378924,33.112065734316616,53.6818458371283,4308.534765544327,Profesional,24.230073443388147,No,44.64124007708119,93.77680293732968,68999
324.0,Masculino,Baloncesto,25.65283537261567,21.20708197078175,81.05105062625178,2739.120275013556,Avanzado,,No,84.19805042296825,67.4473363749532,72760
360.0,Femenino,Ciclismo,19.05763754278066,28.45784818676529,86.35080093612557,3621.7276383951744,Principiante,2.0103534388821456,Sí,66.08080610026063,70.96468625526319,21405
432.0,Masculino,Atletismo,27.52902476324457,13.564984993292509,72.10565870232229,1857.3593663770337,Principiante,10.09155733988183,No,82.23008042435973,83.55844133574504,124812
324.0,Masculino,Atletismo,23.78321868668177,30.686570542004304,73.77251085193247,3245.618370913435,Intermedio,14.069889330300354,No,45.02490406098202,83.64021801378121,211959
324.0,Masculino,Atletismo,23.307383384921675,9.27784316108043,,3625.6207662286447,Intermedio,22.173816619815184,Sí,94.72356612926272,77.362456147561,47828
396.0,Masculino,Fútbol americano,26.03584479405069,16.71236245347037,49.3115132597772,4417.96854153188,Intermedio,2.046939692227605,No,68.5373694943802,76.36953966267653,132699
204.0,Masculino,Atletismo,16.224848806376976,27.49506078721633,67.21470420513631,2845.649185479396,Intermedio,9.172399779804586,Sí,79.69582462750977,84.80784992870012,178403
216.0,Masculino,Ciclismo,24.71455196945216,17.00579457110403,72.1268571287231,3360.0502318401063,Principiante,8.002008550930567,Sí,66.60403847791153,52.940566103987855,5684
312.0,F,Fútbol americano,27.560131197721034,12.479089116108817,74.76140261650485,3659.576104077606,Avanzado,17.579618380501692,Sí,63.71052350081664,92.4828754221577,46019
468.0,Masculino,Tenis,20.675315008320133,16.67371081204213,56.68947633517144,4393.196923421643,Avanzado,10.562271965614109,Sí,48.44160669000595,99.1952404365768,236359
360.0,Femenino,Ciclismo,22.340485185415616,9.66694821818501,89.1718241161131,1917.548488782736,Avanzado,11.62112649621736,Sí,51.706551035318725,84.58028478727572,153371
336.0,Masculino,Ciclismo,25.178758114055864,11.301954483385211,66.29595533017103,2968.5517263336687,Principiante,21.369975650079223,Sí,100.7586290733316,77.24247666152077,135734
444.0,Femenino,Tenis,20.466258984667235,28.135484714234845,74.6130811111698,2275.43648576354,Principiante,6.612320102080632,Sí,56.08101578035269,72.01865096623975,157843
216.0,Masculino,Atletismo,27.00170609086388,14.30165006075618,82.44011532238962,4137.280650268176,Intermedio,10.189245209162586,No,69.0324542910749,70.01536356912052,225385
396.0,Masculino,Ciclismo,20.29527729827465,4.938461627066698,50.48937229357314,3615.595283946186,Principiante,12.582039857644666,Sí,47.18389873767322,74.09511396049565,248092
480.0,Femenino,Tenis,23.653128853531467,5.9492280384940015,54.11685620777031,2737.99566207284,Avanzado,10.067632444778596,No,63.0392583689226,94.08535550227276,145156
480.0,Masculino,Fútbol americano,25.761697135620253,19.92727029832765,64.26131720329082,4145.568875383169,Profesional,19.2872986603008,No,35.71105012285203,99.8519179168389,233334
408.0,Masculino,Atletismo,27.465410223819337,16.92193737821744,69.6897427293653,3057.236522627145,Intermedio,9.734873897945644,Sí,71.61389972475662,82.49586675133706,157997
348.0,Femenino,Baloncesto,18.83546039357678,18.68609656374906,45.08427682299989,2292.011019781994,Intermedio,14.36071810859494,No,81.8966574647342,88.52031323718461,22492
468.0,Masculino,Fútbol americano,19.815585195616222,25.03617049779568,68.19980139060043,2000.732877693536,Intermedio,16.145151336781765,No,74.80397953132307,86.82417761732026,13457
216.0,Masculino,Atletismo,22.061109230263547,30.2938375935828,74.98784514714087,2174.897344466163,Avanzado,14.80143846035024,No,97.35848677777052,86.0790306750911,221763
420.0,Femenino,Fútbol americano,24.91363465133585,20.019401491873,76.91714897224406,3673.791177080172,,19.16317803510041,Sí,62.822709100645504,90.3061763404814,121981
444.0,Masculino,Atletismo,21.03879611523234,14.748989401236065,59.96594676673986,1980.025727300484,Intermedio,7.736602715749127,No,70.13584928820046,87.6557473077118,66752
216.0,Masculino,Fútbol americano,28.118962220062745,32.13601233448017,60.89048719994598,3431.849123829274,Intermedio,0.0404757906910261,Sí,70.74489314307286,83.53892354656648,65470
372.0,F,Natación,20.823366616253207,28.379302997984144,73.47741984179332,2111.1445714043325,Profesional,23.26365159214233,No,49.7814589935936,99.61179790809793,247118
252.0,Masculino,Atletismo,23.157571096661936,11.08267043278761,76.28287503493706,4050.645849339659,Principiante,14.463755621444914,Sí,50.46752403752618,82.48849605102075,212894
384.0,Femenino,Natación,21.02702190714991,32.96814782859459,85.97409350972437,3939.176709936835,Avanzado,12.992526637230084,No,38.786050512506606,99.75247439776774,11397
276.0,Masculino,Tenis,21.48227540564818,32.01160477531723,87.81413617152197,3239.710811131201,Intermedio,22.41923128167148,No,71.44804427907236,76.51041587039371,66039
456.0,Masculino,Natación,19.514053210993275,28.71705182229509,60.75569718016492,2438.8280120373925,Avanzado,4.846709521570621,Sí,54.66723928697041,99.06843202646137,245118
360.0,Masculino,Ciclismo,23.473229727236763,28.68758718092084,54.17781973142223,2226.540431926206,Avanzado,6.798222720912981,Sí,70.5499880431465,99.45844513108425,205097
468.0,Masculino,Baloncesto,27.256580441049792,14.959391031046655,71.66905807382221,1894.542438764128,Avanzado,15.530144676276596,No,70.6827765437944,81.841581582792,136363
300.0,Femenino,Ciclismo,24.557064278101755,13.449808695528317,51.19910719006232,3695.148779685325,Intermedio,9.84047978955778,Sí,59.31639297463928,76.5543765245023,185590
348.0,Masculino,Natación,21.16341811029643,30.1448260657002,80.45058954110259,1868.1582825615849,Principiante,18.002806349884633,No,64.68002017948133,89.14210258031801,98992
432.0,Femenino,Fútbol americano,23.8886607110202,5.096300050797288,79.17796918677881,2877.8132888877094,Profesional,19.2501123155792,No,69.94651158971058,84.17715354630617,242888
264.0,Masculino,Atletismo,23.553613123534603,20.95378396099805,51.93612780335096,3680.458030719349,Avanzado,23.18619170130688,Sí,71.3489502125484,68.80927133917244,160490
252.0,M,Atletismo,24.285428442713563,23.787303949859616,73.24921681817028,4027.914492077503,Profesional,8.696772648329473,Sí,69.84333020093581,100.12874521827014,234423
192.0,Femenino,Natación,17.878565144704332,8.61474488473789,66.32666455752124,3349.8937661725554,Avanzado,1.400913542638556,Sí,,91.2519142570984,245290
288.0,Masculino,,24.126770568141712,21.122388631777728,47.60946155105206,3584.5095771863994,Intermedio,13.37253632138697,Sí,67.44519328980607,83.98170968153636,218407
264.0,Masculino,Atletismo,24.36919141233937,12.21334036512322,83.42122126902399,3129.911414982299,Intermedio,20.013974914344697,No,74.42680437828271,91.21544520679588,195698
456.0,Femenino,Atletismo,19.68944373532119,31.128115297040903,65.72133662648514,3741.76548435166,Avanzado,14.3442475582938,No,75.63112390636898,84.03962909460937,73426
408.0,Femenino,Baloncesto,21.522051560512,20.023478004670675,67.57154966365975,2698.569466790097,Intermedio,,Sí,77.67605431976645,54.98421279949416,248592
312.0,Masculino,Natación,25.096176899362604,24.2855504491587,82.0103312181922,3985.8189601125337,Avanzado,19.44021940955492,Sí,63.35292027697805,74.55805997763375,206722
348.0,Masculino,Tenis,23.061506990565167,22.900056194218287,70.17445154770002,2118.7536414406063,Avanzado,22.055051857247584,No,67.07061003649639,82.99107469486815,199110
264.0,Masculino,Atletismo,22.612839715265668,18.85050895364904,72.09420804083713,2497.0449766008337,Avanzado,13.545543985223311,No,60.4967055744948,79.36832302491034,244435
192.0,Masculino,Ciclismo,20.652391786637363,25.656804830162525,114.0232581492908,5471.589411289777,Intermedio,15.371082850681992,Sí,70.85526021245349,99.8432935484371,64216
348.0,Masculino,Baloncesto,19.81533958381997,14.967295073010922,86.94196644888929,4185.062061487709,Intermedio,15.33692067683868,No,67.25212065915919,73.19957034101049,110564
324.0,Masculino,Atletismo,20.11983364567387,14.239770605801288,79.61812842024187,3535.972174273967,Principiante,18.559313218329315,Sí,85.7009861376386,92.6413159829797,106175
216.0,Femenino,Natación,21.893005496595947,28.66058809014419,48.93856550904008,2930.691692853511,Principiante,21.795482320885515,Sí,76.00524204212012,96.52993675422356,190593
228.0,Masculino,Ciclismo,23.75514903591648,34.65054494142554,51.23967693973787,2790.124010155311,Intermedio,22.082320088800834,Sí,47.78754465904556,70.75111025694315,207732
216.0,Masculino,Ciclismo,20.96557599707855,26.104336932237604,60.93631693612946,3064.801093913557,Principiante,5.517725505093638,Sí,29.209264308424363,75.28588372948926,34490
276.0,Femenino,Baloncesto,22.6125010114792,31.66482485388184,44.24724691388198,2278.304930153986,Intermedio,1.2538637868725462,No,100.72160527429456,90.41754702998357,83689
240.0,Masculino,Ciclismo,28.526858763458865,11.253159723771557,82.31447502981983,3243.834710379614,Avanzado,18.663445736448963,Sí,77.88549149922399,82.00367560201373,97699
468.0,Masculino,Natación,27.96148619713579,19.753467991514672,59.90692007334672,3079.84231632314,Principiante,8.175672096377138,Sí,62.72744189801142,85.7043991133475,179914
348.0,Masculino,Baloncesto,24.17450688663803,8.853551370170702,46.19461748158315,3201.8805065154497,Avanzado,-0.1277626428998591,Sí,47.30484212662678,85.83161428187562,200771
360.0,Masculino,Natación,19.45679148384069,9.174341633670114,57.20051070128416,3572.478565528292,Intermedio,3.8769521013993775,Sí,49.45586620865154,75.21797862513343,54067
360.0,Masculino,Baloncesto,22.64557955803389,30.829591290806984,63.79541997233756,3193.793190366345,Intermedio,20.79503445637446,No,55.59767716791066,69.8914354775843,135777
456.0,Femenino,Tenis,27.72667859112473,6.559665626380914,67.26619955994379,2160.2792158685984,Profesional,0.7945903798641574,No,50.59129132267139,92.90600145962463,209955
228.0,Femenino,Ciclismo,21.646779495902493,16.98570725063716,76.35213403196467,4355.545756682178,Intermedio,22.586973673947423,Sí,99.17923750246732,55.962722943362266,56217
432.0,Masculino,Tenis,24.7453029957691,18.36772783565809,76.27177761080812,3753.694103383305,Avanzado,1.9615529594487928,No,66.01927672385358,74.20118485397377,206828
324.0,M,Atletismo,26.13391556266356,29.30797319653229,77.86489275260116,2103.9258222875565,Intermedio,22.08334119905547,Sí,58.21545158070301,92.04874897040472,59803
456.0,Masculino,Natación,19.977237063311044,9.266596182858928,47.87811472229762,3466.9476823383966,Intermedio,4.739503175571622,Sí,58.8021884216242,99.87280524439984,2334
336.0,Masculino,Atletismo,19.62575449797239,30.54530288870351,80.14103358437077,4294.0916085604085,Avanzado,-1.0141803922464905,Sí,76.66990704507685,100.36417164352784,129117
300.0,Masculino,Tenis,25.70433080286367,14.433798700190824,56.09894675868116,2572.5434296385247,Intermedio,1.9322112866591057,No,59.618380707893216,74.16449336876282,85278
20.0,F,Ciclismo,17.09333143621598,19.9179772926271,58.5247120622708,3010.6481992132867,Avanzado,19.445791599029658,Sí,59.60627223146433,94.95513045432864,247549
420.0,M,Baloncesto,23.541829021866768,11.112884035141068,79.42058742897959,3059.656283790884,Principiante,6.276642055463904,No,36.29766846763339,76.62779033510971,115686
324.0,Femenino,Tenis,22.1181516141952,17.9904990004126,79.3333147706682,3915.70954993056,Profesional,11.273987580962494,No,73.35228663288802,97.4237464724241,27845
348.0,Femenino,Atletismo,26.304459032185253,30.955322195848588,76.48030113260916,2771.4843295209635,Avanzado,23.44474730144912,Sí,55.382506365049686,98.50144112331212,227149
408.0,Masculino,Ciclismo,23.623645055120875,28.201617953291187,87.99288659189396,3816.175031692127,Intermedio,3.773181749189861,No,86.94338426565713,75.7327081432907,158696
468.0,Masculino,Baloncesto,27.287688005375102,12.996176272540373,65.68396909370027,4252.53762243069,Avanzado,11.340732267162746,No,77.42194843296825,86.75450289269754,83919
300.0,Masculino,Atletismo,26.292717752675884,14.313487414752128,52.7095167109544,2220.072143841493,Profesional,17.902307274341112,No,40.111422002195056,92.67010685268282,198020
420.0,M,Natación,20.60106212963667,5.633050244711731,71.97339131674987,1912.645578701076,Intermedio,18.78075107100265,Sí,87.10861646710674,62.65664701725488,58563
432.0,Femenino,Fútbol americano,20.64718088597117,26.77855539049827,54.64081727286987,3837.293785027882,Profesional,8.566995319011122,Sí,62.248775503724815,91.28672012229102,134806
384.0,F,Natación,29.10416742848604,5.599402675808781,79.17391869843149,2952.4054187714664,Intermedio,20.69463927349622,Sí,100.41736564483544,68.29791170376639,174199
432.0,Masculino,Baloncesto,27.53295064700425,5.4229506011399815,57.35262795584835,2737.9196783219973,Intermedio,16.809232927045027,No,99.20433703098594,72.36621625172415,102625
408.0,Masculino,Atletismo,24.222476019064302,16.078289298332702,76.08547895118811,3087.4953892112776,Intermedio,4.845188718985422,Sí,57.92623592859887,77.20037697812758,223166
324.0,Masculino,Atletismo,25.654714380271844,15.67257049854413,80.72573395217405,4056.595382674561,Intermedio,15.43247907173528,No,65.33866322624158,76.54447376679377,125738
372.0,F,Tenis,19.80146639744552,7.202746153825628,88.6870907797294,3161.029291331353,Principiante,4.039492105933757,Sí,42.36180076877203,98.99436145704676,119001
432.0,Masculino,Fútbol americano,22.65231046961161,22.0372233783558,63.34087535896006,2411.4161095249588,Intermedio,16.559599754505992,No,91.96247501935775,92.27391820910934,180581
228.0,Femenino,Atletismo,20.481147992669683,8.009573610050657,83.22522824732206,3237.777307338564,Principiante,19.81758775356244,Sí,90.0071617367556,75.8122588879895,81471
408.0,Masculino,Baloncesto,26.473932545388205,18.4741709304584,80.2239429636421,,Intermedio,18.51156197249454,Sí,41.13159288516216,93.97446254764355,15462
360.0,Femenino,Natación,21.72044070187163,32.79861086826044,,4322.64317033287,Avanzado,23.06309562261313,No,81.69079224265103,74.93051725954457,96026
468.0,Masculino,Tenis,22.570739726594493,20.78002259449134,67.29020818839524,4059.329156491664,Avanzado,12.7886302031945,No,76.00497995388163,91.65067572696906,72543
324.0,M,Atletismo,27.275555318305905,23.890306063644072,85.06384140601133,3399.2829925490555,Intermedio,5.802351951211154,Sí,63.76706829546187,89.83421295807923,156330
468.0,Masculino,Tenis,19.49562748165645,32.80141570161663,74.90811921115666,3007.7992260668484,Intermedio,20.326652420375808,No,61.39705304368854,87.55055638031001,68036
204.0,Masculino,Baloncesto,28.629460691476297,28.492263768894368,54.80798741824536,4164.082440705181,Principiante,19.03154510026968,No,54.25363730833544,82.98336211687851,196274
228.0,Masculino,Tenis,23.71251288833705,25.3399134013174,73.75103634287657,2374.005235271836,Avanzado,4.655862480574697,Sí,72.97023315801725,100.4234491305573,174223
240.0,M,Tenis,21.51834511588301,34.26973539365321,59.89637522767328,2074.624177848765,Intermedio,13.206733855737006,Sí,63.164054332839896,72.40514216857504,24364
204.0,Masculino,Natación,19.547704024859787,,48.92775133582524,2499.4815373862207,Intermedio,15.9214112970249,Sí,54.94087190361109,87.79553465792756,98272
276.0,Femenino,Atletismo,23.646833917376348,8.682772531613798,45.20102313361662,3981.001908738437,Principiante,17.39166731838591,Sí,54.39772402443842,70.86500539336419,37417
240.0,F,Atletismo,22.21525184975024,22.72340433434222,72.90491018492786,2178.108070794612,Intermedio,10.052058098907445,No,93.3691561835988,99.35873203938507,103360
276.0,Masculino,Atletismo,28.2864676536784,8.240790314174523,69.53158039404867,2167.279932813134,Principiante,9.975851929271668,Sí,50.430232413424825,71.54928967148372,90535
372.0,Masculino,Baloncesto,25.222809000181968,30.198166347851465,61.76953938109912,2732.8173863764864,Avanzado,16.09453870027314,Sí,52.38460624088208,80.57464369891443,94813
348.0,Masculino,Tenis,22.31254652327063,18.65780985128463,68.59713359852496,2757.0064189422114,Avanzado,15.680780927764165,No,75.23615590841922,100.34209747186364,38407
468.0,Femenino,Atletismo,22.07314242975033,8.604327906172209,48.80563457848653,2773.074916341042,Intermedio,23.87452662009209,Sí,54.68897697590344,86.27935584703516,155376
348.0,Masculino,Natación,24.49709126905717,17.708368980085513,79.35151352715333,2005.7126230865829,Avanzado,8.03672505335085,No,47.732087389716426,86.92620293764747,38541
456.0,Masculino,Baloncesto,24.228312093389683,17.397265241750254,44.48972011311928,3909.763459920944,Principiante,23.16639528233591,No,45.36164926742192,85.62503222764103,171416
360.0,Femenino,Ciclismo,19.76946820540269,24.19341698750331,85.49056960246443,2332.9031174162446,Profesional,7.032289709822887,Sí,45.55974483182579,99.23761035405929,234509
420.0,Femenino,Atletismo,23.70084578322927,31.705362290188443,64.83741203939329,4240.9942528356105,Intermedio,19.514299407224733,Sí,77.85329050841123,79.61929714535788,212447
432.0,Masculino,Fútbol americano,23.35843033432243,7.128059589015162,73.38268227037156,2410.076969486398,Principiante,7.731897361454687,Sí,61.68750351957991,57.84867413609843,1933
180.0,Masculino,Atletismo,23.417867873575087,24.78989855997655,74.41250481898433,2392.196611318526,Avanzado,22.095790861052347,Sí,48.22627969658825,94.8071551652016,231412
180.0,Masculino,Fútbol americano,25.837159810355484,27.848765712726248,53.01343789593369,1823.10535393715,Principiante,14.236526529932997,Sí,36.70293670540866,75.96926123619532,232103
336.0,Masculino,Ciclismo,21.16501697622425,17.575423126007532,75.53418025322173,2203.263057976081,Intermedio,21.857764736838025,No,63.5770489656943,70.31110582188141,191754
216.0,Masculino,Atletismo,20.236051558466503,28.928580635537205,49.850287060317385,4090.90073850521,Intermedio,4.935802115411217,Sí,51.050189008262016,82.16897845932324,211544
192.0,Masculino,Tenis,17.920414169239013,8.699832338615428,74.05005248421939,3472.3345819970737,Principiante,2.546739328311147,Sí,71.52166831603266,80.92740813704707,219693
384.0,Masculino,Natación,20.42636546358725,9.5030194171264,79.02702576542227,2921.029653236545,Intermedio,,No,72.86409281539595,85.69717800070863,223698
444.0,Masculino,Fútbol americano,23.92975610581464,24.39494067007341,50.59652153588432,2941.8603585089413,Intermedio,23.504732390825087,Sí,60.65614271208502,73.73666792049325,67687
228.0,M,Atletismo,21.87392134805957,25.758879999211747,67.18832958528441,4091.335143665931,Principiante,17.255093904434826,No,91.65521536189452,74.20165526295033,238095
228.0,Femenino,Ciclismo,22.88211396052428,5.071072889730268,76.9224020616689,3758.867567783011,Avanzado,14.1269516660813,Sí,69.97693323915765,77.83250976938237,162059
396.0,Masculino,Atletismo,28.72955315008241,28.25544673698729,57.51223409054034,1912.308058793555,Profesional,7.80283648085065,No,53.19521172177805,99.90550796079326,171150
216.0,Femenino,Fútbol americano,25.98197783326045,18.81648735457089,60.45352317083721,3808.006868546165,Profesional,23.13100198345503,Sí,59.549180675700725,80.6239556519791,34641
372.0,Masculino,Fútbol americano,22.65406341533481,12.57365741310238,67.64020618311211,2501.7532022743444,Principiante,15.083118325703625,No,79.26367627028213,71.42695001568809,196756
312.0,Femenino,Atletismo,,9.248073797953005,59.72138555884344,4309.440456800164,Intermedio,17.79797548084155,No,42.07231813544571,99.0549797808804,127489
228.0,Masculino,Tenis,20.3204273211688,7.680397092711954,85.402789408944,2722.953966484596,Avanzado,19.16245356290393,Sí,77.11377164147105,99.85600134378204,8683
468.0,Masculino,Ciclismo,23.36988999135476,25.884152710353383,64.995091247088,2052.4072132907786,Intermedio,8.062943292971768,No,92.027377201714,83.92802570531494,50667
480.0,,Fútbol americano,25.35918260509573,23.319908971721382,88.16136557538388,3445.935501684324,Avanzado,16.883787555978707,Sí,61.28482031192271,96.50299709694832,237003
252.0,Masculino,Ciclismo,21.50446537921469,33.239250271741696,58.58848548502176,2567.666500059553,Profesional,14.760390826770276,Sí,56.71247998075354,99.58215097383548,18993
396.0,Masculino,Natación,18.81005237537929,20.77049567352112,69.8570967442274,2583.432391537653,Profesional,3.971717786225456,No,87.34038980764451,88.94060452846625,139844
348.0,Femenino,Ciclismo,18.5755321762727,19.11102553485616,73.39360296986666,3165.6085452391894,Avanzado,15.42422818597518,Sí,84.75724779731586,90.3310032359713,94187
288.0,Masculino,Fútbol americano,26.037710526768407,33.98307586106735,45.85589491564544,3002.396675458058,Principiante,13.964290506822737,Sí,65.94420965483536,92.05849585385953,31873
192.0,Femenino,Ciclismo,26.04113935711482,30.344423893846244,87.11274567864,3553.2781883442112,Principiante,16.65157394123047,Sí,58.00208615012724,80.00150838294464,112049
420.0,Femenino,Atletismo,20.34459436829149,18.48852434634615,48.56616560023565,3753.037404137588,Avanzado,11.9709736925981,Sí,44.81353300147684,58.02704692478508,145083
,Masculino,Natación,23.06521379337047,7.474788674212868,61.779631405970925,3765.4387831879344,Intermedio,7.912632374313445,Sí,69.18805822926105,81.32009639892371,44204
336.0,Masculino,Fútbol americano,25.745598779871145,16.563347641690527,59.739235877169634,3873.4048647696695,Profesional,18.40700820066925,Sí,31.07428530030331,92.98996801889392,24757
288.0,Masculino,Tenis,25.596429706862136,30.78054575753137,89.16402629828646,3250.961800954696,Profesional,19.730479157851185,Sí,66.97324042811373,99.46608906915684,147415
444.0,Masculino,Ciclismo,19.874290668777626,14.404877477755896,55.36084076058605,2902.333161473803,Principiante,1.88042727281629,Sí,78.61717141003946,71.8335508441146,55546
336.0,Masculino,Ciclismo,25.319509374156965,19.066610104137364,88.94433493457569,2030.2081819992848,Intermedio,11.943958805829007,Sí,70.75451206889679,82.06053646036383,7381
324.0,Masculino,Tenis,23.55466118164339,24.9268156091662,85.68183266485478,2273.874882182552,Avanzado,9.689986250299423,Sí,79.65532792696541,100.90480457102429,31843
384.0,Femenino,Tenis,20.27665218915329,12.244959561386972,81.98462756601593,2609.7485845828887,Profesional,21.76569634381896,No,62.86592333425429,79.87026991676213,235232
204.0,Masculino,Baloncesto,20.27597457359999,23.35414260848808,48.4442864803834,2563.2638860503607,Intermedio,5.541385208549478,No,56.15086925407815,63.91462875311779,147417
288.0,Masculino,Baloncesto,27.584801772894306,10.025931619759476,61.09359085768416,2580.6077555925112,Avanzado,17.24468261050009,No,62.55697805280005,94.93150832017794,115450
336.0,Masculino,Baloncesto,19.794345611517112,24.87551157530148,52.25921904405613,3187.680181069115,Principiante,11.0630593370398,No,82.50498891983662,70.86278965821302,196027
240.0,Femenino,Tenis,18.61920352688532,17.08958724589288,51.16425008821379,2587.929964042411,Profesional,6.964567097152064,No,73.50044327125627,99.72394068870456,18691
300.0,Femenino,Fútbol americano,19.631556375783724,6.941641933940793,77.86585625843067,2457.726936382962,Intermedio,21.209848588716003,Sí,77.19051403961555,75.01831220816655,94213
288.0,Masculino,Tenis,26.37373667765756,11.58895250583146,104.94523025574728,5822.310106204121,Avanzado,19.997941150040667,Sí,37.01722875164831,79.46228260485752,76139
216.0,Masculino,Natación,22.940180498633044,9.18032050412024,73.12825104483804,3850.7464122327856,Profesional,15.281938186650182,No,87.5957315995251,88.6312788328555,168313
216.0,Masculino,Ciclismo,21.18771987286884,22.876570663494064,79.42471943846358,3888.313361641702,Avanzado,-0.1323964742620793,Sí,75.61357717915628,81.94663497869476,3950
312.0,Femenino,Fútbol americano,21.139074665283008,15.198049512281385,76.65272807699154,3992.278447553076,Principiante,21.48318677060833,Sí,78.05448142075143,96.0194859512718,127111
252.0,Femenino,Baloncesto,25.976714831380484,8.498769171584424,74.10018827227148,3221.7949240107223,Principiante,19.97326197292015,No,54.50748001776159,46.32444835873299,230977
336.0,Femenino,Ciclismo,23.670081025131022,12.065005378585573,88.91183920826148,3626.5605646879735,Avanzado,15.27458073350687,Sí,50.70647138935657,69.07649341724068,20846
396.0,Masculino,Fútbol americano,22.37599006078361,10.50007681823842,46.03831229220603,2232.9285631120674,Principiante,12.45644639720664,No,49.94332016331233,77.2133993153524,208376
240.0,Femenino,Baloncesto,18.611747098873828,23.83108618715178,73.54461669261802,2693.3542483495207,,10.046931021087032,Sí,83.17321939531398,79.7852844830601,173416
348.0,Masculino,Natación,21.75942177522148,12.394894737088787,89.59171888735833,2996.4796715916264,Principiante,15.787724935116753,Sí,79.5838164358681,83.83712374896334,49857
204.0,Masculino,Ciclismo,19.801497435096028,14.304467509966036,54.15623099196552,3850.2219303543066,Principiante,16.210230062166843,Sí,80.38242084549812,63.60900549752648,210380
312.0,Masculino,Tenis,23.009310116051285,29.14626601745709,55.28899226004723,2192.778120700764,Intermedio,4.24542113838486,Sí,55.08593689701897,80.25199487045319,118205
204.0,Femenino,Tenis,18.33276119803734,5.133048032356324,65.30768652457523,3184.4604335597496,Intermedio,8.740062378524321,Sí,38.394644805879125,77.92131836327532,67915
276.0,Masculino,Baloncesto,22.251523862477,17.082822238640162,57.30784207437964,3644.655120830165,Principiante,14.929930499994754,No,68.38920434926303,76.94336430377398,55527
408.0,Masculino,Atletismo,21.901363619448425,10.3150162279191,87.79752245717572,2609.1642939486173,Profesional,18.77114564531844,No,64.59797720268415,75.46589338790332,134666
192.0,Masculino,Ciclismo,27.786288246601217,28.49144980524436,88.50150125320589,3281.821612523744,Principiante,16.248193268284957,Sí,80.81678311512445,57.24968752778486,203911
480.0,Masculino,Tenis,26.714170540258767,19.53787493812599,83.98513290416551,3282.2979327978533,Intermedio,7.365412234866748,No,60.97296532813667,68.57759961806936,48788
276.0,Masculino,Atletismo,18.53223593184656,10.616001048377012,63.12834475443345,3699.309418678976,Principiante,12.385170729408898,Sí,53.71297740718338,60.912173990426936,147564
396.0,Femenino,Natación,23.557778156476992,30.42628430792804,51.67784071822803,2943.914718562517,Intermedio,0.4672594672015809,Sí,52.94564808766318,93.1801029204632,131169
372.0,Masculino,Tenis,21.01903067182097,15.983204245477996,46.35910465189679,1885.957869824976,Intermedio,22.393871174299,Sí,79.92711526097926,66.14067119569798,130820
372.0,Masculino,Atletismo,16.2207829935338,16.04177531682139,80.5736640139894,2197.836359694286,Profesional,1.408394530455365,Sí,58.08739312480814,77.40658808321109,185036
228.0,Femenino,Ciclismo,24.748283882453784,22.802077176863406,61.83622414529926,4112.040174349768,Intermedio,4.167434246253962,No,64.56512005492824,69.979259834687,93532
252.0,Femenino,Natación,23.54814450332968,,78.68610701986408,4335.638234375334,Avanzado,9.136520610318376,Sí,59.52668141387887,100.26411561929466,122842
444.0,Masculino,Atletismo,27.52685714116305,33.17265014817663,58.66966771625548,3669.726295338535,Principiante,22.323974412936767,Sí,,78.98608352886265,227756
432.0,Femenino,Atletismo,22.347221698608003,19.764464919283583,67.41780628817081,2632.7348537867506,Avanzado,0.3263682942913757,No,37.487701851898,66.35479292036808,185874
360.0,Masculino,Natación,22.50113330543956,26.21370549888888,58.47286905227505,1794.8207942602066,Intermedio,3.3888683142592613,Sí,59.30861450315193,84.84899672004995,212595
216.0,Femenino,Baloncesto,25.21367260643972,25.28138926632031,77.19207865285217,2534.8819562393937,Profesional,1.0426571093370391,Sí,70.67514047474263,88.89535555112803,232387
468.0,Masculino,Atletismo,26.909734557253024,31.98554828355488,74.14693221506089,3860.990335410665,Profesional,23.73291807337618,No,41.58067362740074,100.09447271885836,33938
240.0,Masculino,Ciclismo,22.87421931858905,10.418442720729388,80.68432229327244,2247.888885444314,Avanzado,19.12497450670792,No,70.46489853958082,87.37941718171217,239013
396.0,Femenino,Atletismo,21.273928291010662,33.28023916703284,56.771725378105465,1871.908545778164,Avanzado,22.459382973133707,,37.57465832433781,88.38180702906449,56002
396.0,M,Fútbol americano,25.36710525103164,9.970881627217484,77.26163664076724,3718.704716657061,Intermedio,6.3816011044849095,Sí,59.77802187792608,63.92847575213759,146476
468.0,Masculino,Ciclismo,25.504824393410125,30.329897090714635,47.84803318159204,4465.92698937821,Intermedio,19.639142438366285,Sí,61.111575354776775,73.73753484728275,7047
432.0,Femenino,Natación,22.85128567127274,12.0442831705909,56.82871278031453,3901.805817832471,Profesional,0.966701805786845,No,62.55077233198061,86.2554607170238,58017
288.0,Masculino,Fútbol americano,21.46782630772326,17.12578984885134,86.28100859744264,3348.190581123757,Principiante,7.195825964379774,Sí,81.94721476570213,73.90022061302079,221670
348.0,Femenino,Natación,30.76192926872772,32.640577978602124,75.575624260597,4322.9904478084445,Avanzado,0.0419034023067981,Sí,54.35241856512549,89.10904137971099,45599
192.0,Masculino,Baloncesto,20.4678602848656,30.437681318013976,71.04220042119708,1830.524062691676,Principiante,12.463657398803486,Sí,81.05642381472234,65.36886337337471,91734
204.0,F,Atletismo,,16.07239513248169,65.98564260645735,4230.434625784,Intermedio,11.152341973091296,Sí,37.353482537695406,64.32825966424929,135577
408.0,Masculino,Fútbol americano,16.99337697652704,6.061366250219014,78.44625987653258,3373.1710970590284,Avanzado,2.886216702234342,Sí,66.09980128463182,99.16454682865948,216248
228.0,Femenino,Tenis,26.773933169401754,31.82652711686223,68.79805630614669,4006.298982167401,Principiante,10.838071735551177,Sí,98.1978181511215,81.00338155104255,183135
300.0,Masculino,Baloncesto,21.15253363081604,20.46563677860166,77.55178229188643,2425.522049558573,Avanzado,12.148245182313318,Sí,61.55287194007494,79.79922911779276,128642
492.0,Masculino,Baloncesto,28.69075395347685,6.649995556148326,82.8797745120691,2629.639947422598,Principiante,9.71018955935475,Sí,68.34859220831963,79.78486704403596,146110
252.0,Masculino,Fútbol americano,23.11613799962308,26.882085478792384,78.08005866594743,3173.8301914739404,,5.43988125274675,No,74.54969976978204,92.03575163300484,14797
348.0,Masculino,Fútbol americano,25.107573545460493,15.625318871728862,73.59505429732395,2871.133524881739,Intermedio,22.170873746071496,No,46.36102361474352,55.93494491235554,24321
300.0,Femenino,Ciclismo,24.29406239387444,9.463097621686916,81.81667583344304,2292.085325579084,Intermedio,19.28167826648664,Sí,44.619256062806144,71.84493520912528,20475
348.0,Masculino,Atletismo,23.57317213825888,11.744575186505449,73.85788223513897,2149.288156073802,Intermedio,18.01650290712084,Sí,37.72575047700938,55.27946547885883,136689
456.0,Femenino,Tenis,27.55778052180592,32.637884375329165,81.97795194029531,3913.3312610599614,Intermedio,16.013789393104496,No,78.91438010828062,91.46895186651255,42551
408.0,Masculino,Natación,22.45265655028969,11.022144327700444,52.17117792535437,3615.7262215996975,Avanzado,0.501458727403344,Sí,66.246506465188,81.75610258840679,224325
384.0,Masculino,Ciclismo,21.72714503855113,11.48394162150733,64.0418611406309,2106.0292373184734,Profesional,11.407226353636332,Sí,37.480138105128844,83.28659370289932,199897
348.0,Masculino,Tenis,24.53984509827541,8.778939080981068,59.20372294868795,2699.412413462445,Intermedio,1.7604454964680916,No,48.845777259954986,83.13753894015602,239599
204.0,Masculino,Fútbol americano,27.14422987253123,31.08892608677357,67.46317182256094,2677.608100692268,Intermedio,9.856932239385316,Sí,83.67356627052824,82.84049743247316,67468
312.0,Femenino,Natación,20.87265468569067,34.396702590093405,81.71152254326715,4106.474627699775,Avanzado,19.965884364400207,Sí,53.2544591883309,70.56079555065439,162049
432.0,Masculino,Fútbol americano,15.892506948233722,17.552869669562206,82.80725605102458,3299.5024676544385,Intermedio,23.108617091712173,Sí,73.63323221667991,72.97202892943272,16125
408.0,Masculino,Fútbol americano,25.689107930715814,14.725779380275908,68.96165887801445,2476.1552723846708,Principiante,20.714199827971413,Sí,77.69365360968699,83.6940581798528,168541
276.0,Femenino,Fútbol americano,18.908318285520604,20.96665567193786,61.07947624267928,3735.449413216054,Intermedio,25.31273648823444,Sí,65.43529944336771,84.54915937040202,165282
408.0,Femenino,Atletismo,25.026149715082187,26.135613919674952,69.87139675884549,2784.3531330439955,Intermedio,21.564208457937053,Sí,72.03769465013607,101.0684363007679,62467
468.0,Masculino,Baloncesto,21.26976128528088,24.54286864035946,71.9582728749947,2200.0334263610625,Intermedio,9.333567181129682,Sí,64.78077336688445,77.9174015950855,185396
264.0,Femenino,Baloncesto,25.12673404354242,33.106725834754904,85.52083121091874,3841.359478966233,Principiante,10.272162625421098,Sí,80.58390355181334,67.06453839513824,114168
384.0,Femenino,Baloncesto,24.87952693975511,15.84332550383637,87.15719550756063,1927.145520426494,Profesional,12.680164134522723,Sí,47.85114157123981,88.14785821906919,210628
228.0,Masculino,Ciclismo,23.421798855888984,10.677818366649593,51.4859774387188,2742.7065285641406,Intermedio,5.1426004992605305,Sí,55.72300983661268,76.59256355455497,204148
384.0,Masculino,Ciclismo,18.912219375239225,20.988706360547457,81.79636264956855,1938.1413874150624,Intermedio,13.106416339134238,No,72.52836792448228,79.68324893738989,158202
288.0,Masculino,Tenis,25.624122418956283,10.721690444876891,82.63859674166238,2938.0878839889924,Principiante,6.082658990474035,No,66.36782200727403,55.083004669643714,86290
432.0,Masculino,Tenis,23.163955416144656,32.97490720942778,85.09051270720886,3555.2256967693884,Avanzado,1.4321709843698431,No,75.91564092240078,100.64556077965791,23180
396.0,Femenino,Tenis,24.39374132471049,31.65208368912964,89.52963237423917,2013.4653972634817,Intermedio,17.708693603009415,No,57.285644109486576,80.25123734888116,177316
204.0,F,Baloncesto,20.17651110570914,18.012906247333905,72.41324381727925,4024.042958248139,Avanzado,15.609242456073416,Sí,82.3838860402835,78.0854690291844,37663
372.0,Masculino,Fútbol americano,18.837669742743003,7.214256391687599,85.4003286744595,4049.605883115666,Profesional,5.277110568505496,No,61.69920865200479,100.34686065224328,181910
360.0,Masculino,Baloncesto,24.10829637151791,18.676800470900453,48.10095496747437,1967.8994637752155,Intermedio,8.36839127511389,No,64.54338197621415,99.83322944379772,151835
468.0,Masculino,Natación,21.396189010281024,11.360168952705203,54.53800931667239,3999.282889338207,Avanzado,3.0158654122871305,Sí,64.4349325914451,99.6309917412118,116049
444.0,M,Atletismo,19.539160598483857,30.96073898917026,79.05471568984775,4255.112107558079,Avanzado,5.53179287867891,No,64.30789477462137,96.75842480097938,131140
240.0,Masculino,Tenis,22.06119912371772,10.332090804510772,75.79496285702214,3718.5690303352017,Profesional,6.987967106863421,Sí,59.31686318374175,99.22676203030936,219657
228.0,M,Ciclismo,27.77876629612496,27.362065546021885,66.68233332167003,3744.5434876592167,Principiante,16.246300085179744,Sí,65.62089187982735,89.17843532144079,126138
312.0,Masculino,Natación,16.94772502180852,15.463626227468325,80.28415878531567,3141.9531669288003,Principiante,16.411383353892774,No,31.200780330291376,71.40413544446274,49668
432.0,Masculino,Tenis,21.82894858751057,20.9822865795768,75.89233332348957,3751.432930078057,Avanzado,-0.2744510148823106,Sí,71.31428762633836,72.46291401855648,115289
324.0,Masculino,Natación,26.60177824364313,23.37313949603171,79.84662570055679,4340.382796454616,Intermedio,7.065446980861972,Sí,91.12593467075344,99.76658470640824,181638
408.0,Masculino,,27.349334656116262,6.213999303766378,66.92131650377628,4489.632411100731,Intermedio,23.25114335327391,No,37.12729007539664,52.333448285945146,15179
324.0,Masculino,Fútbol americano,32.07310148760491,30.37049700695964,60.66703207743906,2847.997203618982,Intermedio,12.254666537699494,No,74.11695794593271,98.26658078984956,30609
192.0,Masculino,Tenis,20.665875879185723,31.611544918420897,80.26326219614432,2425.363927551816,Intermedio,0.6952085892398266,No,58.72490044833437,93.61552499107648,44208
420.0,Masculino,Fútbol americano,24.88846447214771,11.088462054901663,64.65408313938225,4483.774000662638,Intermedio,22.66593558174078,Sí,68.11511151486758,70.41389556912101,15126
336.0,Masculino,Fútbol americano,23.82183219682612,5.416656844991598,84.31614010447252,2722.167883295866,Avanzado,2.3517798368039484,No,66.23285804327567,93.78588967264956,101899
360.0,Femenino,Fútbol americano,26.806098423565256,29.832960718912123,52.85065118213159,3666.707680070655,Principiante,13.238291271219929,Sí,75.06645118018572,86.6341815137049,46198
324.0,Masculino,Tenis,18.68142568375945,15.922914578233073,81.53770665747307,2286.864336772336,Intermedio,1.2486196785608137,No,62.98784996373092,78.67645205671855,245976
228.0,Masculino,Natación,28.01676920362185,7.106236076588679,69.28286694050186,,Principiante,18.604296272054032,Sí,64.10348246341911,82.39108262357385,182337
228.0,Masculino,Atletismo,22.141691355608124,5.902934669960414,48.45720194922745,2977.064470538833,Avanzado,3.636538468336576,Sí,51.37413500864665,99.71832627300203,214081
192.0,Masculino,Fútbol americano,17.806702016915313,32.2626640966466,72.16117078739516,3095.9360233171087,Profesional,-0.3677773599069207,No,71.29871947116662,99.88918147482828,130873
300.0,Masculino,Fútbol americano,27.525805312036017,21.0555773845195,64.96116520279773,4538.932206405889,Avanzado,10.168864651044844,Sí,83.97873848829221,100.18034826462409,215787
360.0,Masculino,Baloncesto,22.03039144908596,13.15615617652972,88.95207532052765,4260.561953296073,Avanzado,3.334044563103297,No,,99.94757392172332,91446
192.0,Masculino,Tenis,,32.21186966190132,62.305096380392186,2227.6203429484053,Profesional,20.751662609760007,Sí,79.24850768873151,88.55567733232238,69753
480.0,Masculino,Tenis,21.533093585202018,13.808746284284076,67.68208577017491,3290.8582027814305,Avanzado,13.333568644450704,No,75.25634935398658,73.71148814723102,88519
408.0,Masculino,Baloncesto,26.575153190303567,6.683233341147636,47.68532726800643,3609.588511583946,Intermedio,5.585291318918872,Sí,62.45133279572615,80.13695234363384,65311
276.0,Masculino,Ciclismo,23.51858389687846,28.601135640652817,66.60784727425109,2814.596011594852,Principiante,7.579197648916204,Sí,48.90545428724337,77.08806847622887,82295
408.0,Masculino,Atletismo,20.858495272045985,33.005999145525635,71.11952769226751,4470.347626603946,Principiante,9.003009299619285,Sí,77.10706097624441,95.76167662873353,165964
420.0,Femenino,Natación,17.846448160610247,18.131445539688745,82.75990495038972,1843.8053701894385,Profesional,13.706840005845107,No,73.45118492329055,68.98017384426305,83134
276.0,Masculino,Baloncesto,18.96468148398484,26.014492050401845,87.27320593650236,2110.117539964081,Avanzado,2.324935372062911,Sí,51.51967247030581,77.77110650286383,89830
276.0,Masculino,Ciclismo,18.12063167808387,9.23214390460359,58.96204810561218,3731.545827205056,Intermedio,22.50430097473616,No,98.26080045785947,99.50732741253356,200752
264.0,Masculino,Baloncesto,25.72058008584684,32.68484246804593,70.14212242990452,2755.9681116465867,Avanzado,21.716977683787448,Sí,67.01113234858352,99.9117485096724,28659
216.0,Femenino,Atletismo,21.058148955944777,18.38055219127317,62.943446643100586,2986.840062706216,Intermedio,17.064222861498394,Sí,79.95400271627837,70.26106585057192,96997
348.0,Femenino,Natación,22.433125733079468,21.487453623646545,50.05845814218228,1862.288773143712,Profesional,6.152650021173734,Sí,77.56831137627765,78.78358971704374,85288
372.0,Masculino,Fútbol americano,23.49401276744286,18.436960892773563,56.08342756501042,4362.787896189785,Avanzado,14.456205622271856,Sí,80.85243124067928,90.5139409307601,157561
312.0,Femenino,Ciclismo,21.078730252528217,6.018303875452506,50.48797854044484,3944.315865135342,Avanzado,3.1584866648883545,,30.364360532936647,96.36469122990172,186053
360.0,Masculino,Baloncesto,23.55334399627736,12.14607297700465,60.331475659433366,2342.618745087748,Profesional,2.9444314468578248,Sí,52.87340015955984,85.1491677502764,154589
336.0,Masculino,Baloncesto,21.47735968755605,30.54002448662324,68.03236443127153,3360.418617146333,Intermedio,14.26029058562633,Sí,75.0971508947092,86.85313748158033,145512
408.0,Masculino,Fútbol americano,20.41497053535473,22.37468059492922,70.99088173463684,2799.859996530016,Intermedio,10.79492325765699,Sí,72.37250612973236,99.24650479327138,87485
336.0,Masculino,Tenis,22.47413269940585,8.220308896787976,45.86035532750669,2757.5398926657017,Profesional,2.773499358816215,Sí,46.35137820621792,88.34643151637351,215460
432.0,,Ciclismo,19.27773789663124,16.605200188011032,80.358948862814,2608.7210310962414,Avanzado,7.286721302200556,Sí,51.661216737392856,85.516774960116,203637
372.0,Femenino,Fútbol americano,21.388186085699587,20.58120018120921,82.05198104475218,3808.8862863916816,Avanzado,23.59602814327379,Sí,56.56099254873763,93.69839347487488,153747
420.0,Femenino,Baloncesto,25.51533695494173,6.280476134701098,79.06230713825899,3477.7506565543026,Profesional,22.56383805460105,No,75.92467584755282,80.24695847830455,161219
228.0,Masculino,Natación,22.07194819969473,31.04744764201739,69.48389318227144,3867.267346283375,Avanzado,13.10365690297067,No,59.96649949124545,78.33086887993305,29568
468.0,Masculino,Fútbol americano,17.907377821180336,16.26806873779058,87.65825553590527,4494.704999167915,Profesional,22.174989740574222,Sí,51.34433908051608,96.013518486839,173710
396.0,Masculino,Ciclismo,18.151787492432003,22.115722445416207,59.21252652972615,3924.867313253316,Intermedio,20.17727622339728,Sí,55.18310808440129,82.1052345173303,61731
216.0,Masculino,Fútbol americano,21.468877927959024,21.020673438351896,71.77720392859567,3261.2729513021886,Avanzado,7.917395049431976,No,67.82755421875385,63.56137896867239,59367
360.0,Femenino,Natación,21.130888885041408,20.65692048819531,52.34521480694738,1893.2976060514509,Profesional,-0.1691684330173681,No,60.30928504537985,90.06929478909048,93347
432.0,Femenino,Tenis,28.449171829539456,29.17285306879143,67.65678412692012,1806.8068911680195,Principiante,21.53588205861397,No,74.12110648843036,74.58947474044369,112988
372.0,Femenino,Atletismo,21.74307215397229,27.34104335644196,86.4361676969213,2325.06512616637,,18.8829902824294,Sí,54.29634907450193,89.1485327667799,47270
420.0,Femenino,Baloncesto,23.13978657136324,19.628738477038528,55.35039771124266,2904.8320440680936,Intermedio,11.180125253782096,Sí,40.27362632568375,85.69107247948611,180894
384.0,Masculino,Baloncesto,25.08468207264992,22.86078217867969,50.25558265282695,3748.4485458469394,Avanzado,22.27882751281556,Sí,96.58211217633828,100.55992235550632,228062
192.0,Masculino,Atletismo,25.769849545250626,18.545921358175264,59.35756849894044,1935.3454156183432,Principiante,16.198053064547196,No,70.84937171122448,77.97349403164685,187575
384.0,Masculino,Atletismo,20.299781820844363,19.5177672656248,64.61867200360986,4201.650600016064,Intermedio,18.519976292134047,Sí,75.403162997455,83.58878372843371,68306
408.0,Masculino,Baloncesto,23.302510165085543,63.128482608038425,78.23054127589546,3966.955704077568,Avanzado,21.503866768832584,No,70.87768186169843,95.20551205373938,124449
456.0,Masculino,Ciclismo,24.54127226188596,9.41665729835873,73.47622862129529,1932.3546468036209,Principiante,11.547919266936749,No,68.4791219800447,50.77377023931469,38478
252.0,Masculino,Ciclismo,22.72322625891556,26.619515793900216,88.83380170370528,2687.1382625573674,Avanzado,17.21892396105042,Sí,80.4126776175365,78.52754168838368,142916
480.0,Masculino,Ciclismo,24.375165654329,30.248306179512923,68.94186153065202,3699.010134178206,Avanzado,23.043082532805,Sí,72.96956496359998,75.46423893429262,153892
432.0,Masculino,Baloncesto,21.144301410768804,31.1215505727286,65.93023682736884,3823.5109950822143,Principiante,3.111190869082748,Sí,48.83374509133157,83.23257258888354,21936
444.0,Masculino,Tenis,27.27382747513613,5.121883101931224,70.44873022494673,3518.900315705511,Intermedio,17.334705217053685,No,72.48305932541186,87.27493356958693,72825
444.0,Masculino,Tenis,21.409228094404703,22.306450088192125,74.86096295450159,4091.034481357449,Avanzado,4.351756212770895,Sí,36.965747657670725,64.98901658277622,91706
408.0,Masculino,Atletismo,18.509614159280734,31.98726579652292,69.32638372576396,2102.819497902816,Avanzado,15.717359372262164,Sí,68.28047329252298,78.43837767956252,93309
348.0,Masculino,Baloncesto,24.188216547438845,18.938353659280875,78.250199792024,1812.3019409348483,Intermedio,12.325935590331568,Sí,67.06465115007563,75.43693553489528,167891
384.0,Femenino,Ciclismo,22.630787054789145,33.37039608660545,84.60042050374338,2231.2936344324457,Intermedio,2.062587763649761,Sí,81.12254251087515,100.38110460804027,101819
372.0,Masculino,Baloncesto,22.583371324791525,19.504934795876,57.92854483106554,2814.657803501089,Avanzado,21.236597810971805,Sí,47.59050258514574,99.53979723396192,63818
300.0,Femenino,Atletismo,26.956887263596844,21.383959892373987,74.65264590753682,3095.926552718221,Intermedio,1.1783950441670756,Sí,62.409306813917794,83.34400578508978,160792
264.0,Femenino,Tenis,23.399879762108814,16.931620550426615,47.208370784344986,3649.126366793532,,23.33075928424082,Sí,80.50756265015227,93.84152265758613,156679
216.0,Femenino,Atletismo,24.37114928722191,8.491408648392222,57.09702825579395,1895.8136543839391,Avanzado,12.127473273012471,Sí,90.47019211042412,85.32266970045009,124516
444.0,Masculino,Natación,23.726089332917592,22.75635974319525,75.5841772552579,3221.668205210692,Intermedio,6.49584524285683,Sí,73.40682039533046,72.93024120302664,115793
252.0,Femenino,Tenis,27.409330116638632,16.003742161954687,46.53799649766441,2919.6610883194,Principiante,16.570687208987362,Sí,53.107114059325816,67.28723968349829,163172
228.0,Masculino,Natación,25.14189014434525,24.06886077132022,75.56391604810713,1824.806547604817,Intermedio,2.411326047795121,No,49.913019322152046,80.57537802916656,220091
264.0,Femenino,Baloncesto,25.442803079858376,17.061213082640837,77.39933007619375,1841.4162916494804,Intermedio,10.7385376640803,Sí,75.31614056547548,61.80095971847089,26816
444.0,Femenino,Tenis,,23.59573162137295,46.88804468932188,3607.3073707748176,Principiante,21.604676762642097,Sí,48.58082213861058,86.88095378263903,106231
,Masculino,Tenis,20.61102474719001,33.369154448773806,52.32269486952807,3920.162462913984,Avanzado,19.337631831644348,No,79.70547692431585,94.02287820323288,82025
276.0,Masculino,Tenis,23.705631948059075,13.77468532549698,63.85430664340701,2158.065991649277,Avanzado,7.35161140044957,Sí,52.19240343380888,86.29110095433339,213439
264.0,Femenino,Baloncesto,23.9723094578498,17.21941271401677,50.92037793811924,2188.7162292214502,Profesional,18.64501503322752,No,53.459429311611,96.44741384083432,198256
480.0,Femenino,Natación,27.12429515582912,31.28100515774928,65.8215184068914,2477.583238570367,Intermedio,19.76912406299366,Sí,62.06426568688717,76.22456890506353,33355
372.0,Masculino,Ciclismo,22.53050188200056,5.2671668894173225,58.616588555132246,,Principiante,6.001850145247086,No,90.37550484522316,64.0211694196552,137131
